peptide_length,seed,sample,G7_amide_rank,Zn_G7_O,Zn_H146_NE2,Zn_H150_NE2,Zn_E45_min,Zn_water_O,E147_water_min,water_O_G7_C,water_O_G7_C_G7_O,Y78_OH_G7_O,Y78_CZ_OH_G7_O,native_iptm,native_overall_plddt
10,0,0,1,3.2313864734090907,1.9967699141363464,1.9826322644743437,2.1728101451186252,2.352049794351356,2.6438989532606585,3.1354844556129127,97.14395343407118,1.9204557097680022,141.1121412833262,0.9043190479278564,0.8509
10,0,1,1,3.077414643205464,2.0123904945802233,1.9901976464787354,2.0984127432078656,2.4472252626458713,2.5520298260936163,3.0430443491532566,97.2884553979626,1.8195474018703988,148.077930514062,0.9043983817100525,0.8509
10,0,2,1,3.1903111327156033,1.9911252195591065,1.9837607496290555,2.1535228733994494,2.3716330093688933,2.6597682761570764,3.139005876251542,98.92289748264027,1.8615069384784593,147.88825111369405,0.904337465763092,0.8508
10,0,3,1,3.1088255919332504,2.001382156727256,1.958128785564464,2.2106099688222427,2.526274555998575,2.512503583025715,3.168430831243261,101.06939016189489,1.7516702432441134,140.309719560816,0.9045193195343018,0.8509
10,0,4,1,2.678621430731313,2.0754723634872856,1.9797874400174817,2.1721140576918447,1.097161013097535,4.45487957492337,2.9008312098843527,52.16433170093745,2.235906873434421,138.83195530784116,0.9043212532997131,0.8508
10,1,0,1,2.961797671767322,2.009983439233119,1.9697308697800813,2.0148718612447722,2.1453827718953007,2.7245953609234608,2.9130752622871756,93.8588813145289,1.9797222775002625,131.69662132766496,0.9049319624900818,0.8508
10,1,1,1,3.247973461508733,2.0296955812223527,1.9871185772818254,2.2215264723693737,1.4855170212769335,3.6482761708367324,2.8616330040839317,79.79049077170076,2.0316841933793333,133.5811023114314,0.9052283763885498,0.851
10,1,2,1,3.2047931714823403,2.047600197645021,2.04622465945715,2.1455382555184768,2.374280147858749,2.6429421318866124,3.2103495582708987,96.10509917558589,1.9444940000437756,141.68891173883688,0.9046310782432556,0.8509
10,1,3,1,3.099190805242334,2.016734902771227,2.0079005149590943,2.1164210576165274,2.210788097387967,2.7074270443318125,3.0281649690522614,92.22530338883058,1.9321778921523076,150.96080885780827,0.9047715663909912,0.8509
10,1,4,1,3.056306955913078,2.084912779002784,1.9986117405880734,2.174273652755986,1.421300916098173,4.308343717132588,2.7532910475476,60.82555838964717,2.0866196813331457,150.56327592416497,0.9047102928161621,0.8509
12,0,0,1,2.6177610424536155,2.0268964757562076,2.0791521639533403,2.0714611862122583,2.0141823352068338,5.260690722881169,2.270029984409954,9.47087503866068,2.725018854234388,120.19314407148484,0.7946837544441223,0.8526
12,0,1,6,9.298185008226826,2.0295196983398958,2.0644117074733512,2.025074200895298,1.80239696594316,4.5234710070535,7.853802189451183,88.14049489195361,7.159437936885598,71.00246308116017,0.7864922881126404,0.8529
12,0,2,1,3.2290471336610187,2.074499618913672,2.080844915920911,2.0870420257067286,2.2864963181605664,2.64880455532269,3.1429233555442337,87.73868371675532,2.4406742266387433,123.95344292463666,0.7938895225524902,0.8526
12,0,3,1,2.424494538027875,2.0914320906024706,2.0523865051211363,2.098292219645984,2.4878401640337455,5.498834437094522,3.0907963801138294,45.47927728890755,2.880499440095701,122.59531645617544,0.7936722636222839,0.8527
12,0,4,1,2.7135021376878763,2.069711772475423,2.0832237657735537,2.123671979830846,2.4142213912421076,5.447345285357558,2.928930115042585,42.324560398155555,2.8121770184402393,124.89033609569276,0.7940093874931335,0.8526
12,1,0,1,3.0085959817733765,2.040356481706651,2.056722764965109,2.0698815982435,2.1972425391662482,5.34855806562305,2.778326652819725,50.80481907640794,2.2408887945003886,135.85445133630301,0.8188180327415466,0.8531
12,1,1,1,2.987200793880513,2.000353814199038,2.0871734400350865,2.053361697789942,2.083162677871843,5.094271973198179,2.3890292811772635,13.240816489464196,2.5739344047044908,132.94729672626863,0.8185023069381714,0.8532
12,1,2,1,3.0890763230823306,2.021052216469397,2.051029511474781,2.0391478484633905,1.7069173192357183,4.768190249362853,2.3414794994228427,33.037314486867885,2.153401502328082,136.85146004059322,0.821515679359436,0.8528
12,1,3,5,12.315758611658435,2.032920049566729,2.0685795650245944,1.9921103336766828,1.7846676651871192,3.858868144200545,11.68878060396722,107.40258131144668,13.728586331686204,143.4261953744165,0.8089241981506348,0.8535
12,1,4,1,2.8733457208627917,2.032949117269041,2.0754787596198874,2.0413907967109157,1.7902945810502477,4.97587889509025,2.4288108971816236,16.69150228142045,2.6304036949970717,129.06832306231576,0.8186139464378357,0.8532
