ranking,budget,key,score,fold_over_wt,signal,captured,uniform211_expected
plddt_descending,1,chaina_a159p,96.37436164736171,0.28594122319300996,False,0,0.09004739336492891
plddt_descending,2,chaina_y152v,96.06119069166132,1.7990468625893536,True,1,0.18009478672985782
plddt_descending,3,chaina_a163p,96.0453796653798,0.355043685464658,False,1,0.27014218009478674
plddt_descending,4,chaina_y152i,96.02467441860469,2.76409849086576,True,2,0.36018957345971564
plddt_descending,5,chaina_y152a,95.93754304207117,0.5325655281969818,False,2,0.45023696682464454
plddt_descending,6,chaina_a163l,95.91986366559486,0.12629070691024732,False,2,0.5402843601895735
plddt_descending,7,chaina_v27d,95.88941017385707,0.37172359015091544,False,2,0.6303317535545023
plddt_descending,8,chaina_a78v,95.88483268983279,0.40746624305004114,False,2,0.7203791469194313
plddt_descending,9,chaina_v27t,95.87963530927838,1.0639396346306595,False,2,0.8104265402843602
plddt_descending,10,chaina_a30i,95.86938649517693,1.3606036536934047,False,2,0.9004739336492891
plddt_descending,11,chaina_d123n,95.85618041237115,0.8745035742652888,False,2,0.990521327014218
plddt_descending,12,chaina_a163i,95.85582250803866,0.11914217633042347,False,2,1.080568720379147
plddt_descending,13,chaina_v27n,95.84703799098529,0.5111199364575071,False,2,1.1706161137440758
plddt_descending,14,chaina_a163m,95.8421054662379,0.2263701350277989,False,2,1.2606635071090047
plddt_descending,15,chaina_f48y,95.83817643271104,0.496822875297857,False,2,1.3507109004739337
plddt_descending,16,chaina_y152s,95.81327037516175,0.3276409849086582,False,2,1.4407582938388626
plddt_descending,17,chaina_v27e,95.81166409266417,0.26926131850675245,False,2,1.5308056872037914
plddt_descending,18,chaina_a79d,95.8043729903538,3.251389992057185,True,3,1.6208530805687205
plddt_descending,19,chaina_a163q,95.80160925449874,0.33002382843526884,False,3,1.7109004739336493
plddt_descending,20,chaina_a78i,95.79816077170423,0.2609213661636209,False,3,1.8009478672985781
plddt_descending,21,chaina_a78l,95.79648488745981,0.31215250198570277,False,3,1.8909952606635072
plddt_descending,22,chaina_a75l,95.79535048231517,0.8482922954726,False,3,1.981042654028436
plddt_descending,23,chaina_a78d,95.78983794212225,0.9876886417791899,False,3,2.071090047393365
plddt_descending,24,chaina_y152l,95.78179198966424,1.4285146942017515,False,3,2.161137440758294
plddt_descending,25,chaina_v121l,95.78091951062461,1.0222398729150113,False,3,2.251184834123223
plddt_descending,26,chaina_v27s,95.77816247582209,0.7589356632247802,False,3,2.3412322274881516
plddt_descending,27,chaina_a79g,95.77698388136696,0.8137410643367756,False,3,2.4312796208530805
plddt_descending,28,chaina_a78f,95.76203337612323,0.7541699761715654,False,3,2.5213270142180093
plddt_descending,29,chaina_v27q,95.75129729729726,0.5552025416997642,False,3,2.6113744075829386
plddt_descending,30,chaina_a81s,95.74540115904706,0.6683876092136624,False,3,2.7014218009478674
plddt_descending,31,chaina_a75d,95.74487717041814,0.4908657664813328,False,3,2.7914691943127963
plddt_descending,32,chaina_y152n,95.74485271317837,0.515885623510726,False,3,2.881516587677725
plddt_descending,33,chaina_a78n,95.74000900321542,0.5921366163621945,False,3,2.971563981042654
plddt_descending,34,chaina_a163e,95.73488946015425,0.34193804606830835,False,3,3.061611374407583
plddt_descending,35,chaina_a78e,95.7265694087403,0.5861795075456719,False,3,3.1516587677725116
plddt_descending,36,chaina_a79e,95.72110411311057,2.677124702144558,True,4,3.241706161137441
plddt_descending,37,chaina_v121i,95.71974243399877,1.9408260524225582,True,5,3.3317535545023698
plddt_descending,38,chaina_a163s,95.71881004507405,0.9316918189038974,False,5,3.4218009478672986
plddt_descending,39,chaina_y152m,95.70999741602074,1.510722795869738,True,6,3.5118483412322274
plddt_descending,40,chaina_e160g,95.70501357466064,0.47180301826846865,False,6,3.6018957345971563
plddt_descending,41,chaina_a78m,95.69521157556274,0.5146942017474198,False,6,3.691943127962085
plddt_descending,42,chaina_y152t,95.69159405300584,0.7100873709293081,False,6,3.7819905213270144
plddt_descending,43,chaina_a78w,95.67526073030112,1.2772041302621115,False,6,3.8720379146919433
plddt_descending,44,chaina_a163r,95.67467779204108,1.0329626687847477,False,6,3.962085308056872
plddt_descending,45,chaina_a78q,95.66978663239075,0.26687847498014505,False,6,4.052132701421801
plddt_descending,46,chaina_v27a,95.65803354838718,0.5623510722795881,False,6,4.14218009478673
plddt_descending,47,chaina_a159g,95.65650934880729,0.7494042891183473,False,6,4.232227488151659
plddt_descending,48,chaina_a75g,95.64422308188274,0.8173153296266908,False,6,4.322274881516588
plddt_descending,49,chaina_y83v,95.63590303813838,0.5480540111199389,False,6,4.412322274881516
plddt_descending,50,chaina_f52w,95.63495948553053,1.0865766481334356,False,6,4.502369668246446
plddt_descending,51,chaina_a78h,95.6337469492614,0.6695790309769644,False,6,4.592417061611374
plddt_descending,52,chaina_e160v,95.62589548387106,0.6314535345512305,False,6,4.682464454976303
plddt_descending,53,chaina_d123t,95.62302385557705,0.41342335186656526,False,6,4.7725118483412325
plddt_descending,54,chaina_a75k,95.61941002570693,0.6600476568705299,False,6,4.862559241706161
plddt_descending,55,chaina_l22m,95.61859020618567,0.4158061953931679,False,6,4.95260663507109
plddt_descending,56,chaina_a30v,95.61852767052775,2.361397934868941,True,7,5.042654028436019
plddt_descending,57,chaina_q157r,95.61547747747747,0.2871326449563169,False,7,5.132701421800948
plddt_descending,58,chaina_a75r,95.61346084724006,0.5969023034154093,False,7,5.222748815165877
plddt_descending,59,chaina_a79n,95.6134533762059,3.137013502779984,True,8,5.312796208530806
plddt_descending,60,chaina_v27w,95.61132905708793,0.06791104050834236,False,8,5.402843601895735
plddt_descending,61,chaina_a79h,95.60901220295442,2.653296266878475,True,9,5.492890995260663
plddt_descending,62,chaina_a78y,95.60839897370101,0.393169181890391,False,9,5.5829383886255926
plddt_descending,63,chaina_a30p,95.59643371943363,0.2585385226370135,False,9,5.672985781990521
plddt_descending,64,chaina_a79r,95.58641463414635,0.9364575059571073,False,9,5.76303317535545
plddt_descending,65,chaina_e160p,95.58239225806453,0.18347895154884775,False,9,5.8530805687203795
plddt_descending,66,chaina_a79t,95.57599871299871,0.7386814932486124,False,9,5.943127962085308
plddt_descending,67,chaina_a78r,95.57357894736845,0.6219221604447984,False,9,6.033175355450237
plddt_descending,68,chaina_v121a,95.56823483870978,0.27760127084988245,False,9,6.123222748815166
plddt_descending,69,chaina_v27g,95.5647850225953,0.37053216838760855,False,9,6.213270142180095
plddt_descending,70,chaina_v121t,95.56295747422692,0.5980937251787131,False,9,6.303317535545023
plddt_descending,71,chaina_a75m,95.56180707395507,1.0758538522637031,False,9,6.393364928909953
plddt_descending,72,chaina_a79s,95.5600682549904,1.4725972994440022,False,9,6.483412322274882
plddt_descending,73,chaina_a79i,95.5575099678456,0.14297061159650806,False,9,6.57345971563981
plddt_descending,74,chaina_y152f,95.55482785299812,0.6266878474980132,False,9,6.6635071090047395
plddt_descending,75,chaina_y152q,95.55003357004519,0.28951548848292674,False,9,6.753554502369668
plddt_descending,76,chaina_a163t,95.54518018018015,0.24305003971405723,False,9,6.843601895734597
plddt_descending,77,chaina_e160k,95.5444806701031,0.3050039714058757,False,9,6.9336492890995265
plddt_descending,78,chaina_v27r,95.54284575835486,0.2859412231930116,False,9,7.023696682464455
plddt_descending,79,chaina_f48w,95.54215562700965,2.2291501191421763,True,10,7.113744075829384
plddt_descending,80,chaina_e160m,95.54099161831076,0.3895949166004791,False,10,7.203791469194313
plddt_descending,81,chaina_v121m,95.5403116548616,0.8125496425734695,False,10,7.293838862559242
plddt_descending,82,chaina_v27m,95.53907920154543,0.7422557585385228,False,10,7.38388625592417
plddt_descending,83,chaina_a75q,95.53549100257072,0.8185067513899905,False,10,7.4739336492890995
plddt_descending,84,chaina_y83q,95.51958295674629,2.441223193010321,True,11,7.563981042654029
plddt_descending,85,chaina_a75s,95.51896458467488,1.131850675138998,False,11,7.654028436018957
plddt_descending,86,chaina_a78t,95.5053963963964,0.736298649722001,False,11,7.7440758293838865
plddt_descending,87,chaina_y83a,95.49811909385116,0.25734710087370893,False,11,7.834123222748815
plddt_descending,88,chaina_e160i,95.4950199871052,0.3538522637013534,False,11,7.924170616113744
plddt_descending,89,chaina_a75n,95.49216591639873,0.5468625893566319,False,11,8.014218009478673
plddt_descending,90,chaina_a79q,95.4910514138818,1.8359809372517852,True,12,8.104265402843602
plddt_descending,91,chaina_e160t,95.48629419354852,0.11675933280381041,False,12,8.19431279620853
plddt_descending,92,chaina_a163g,95.48168149580921,0.4980142970611575,False,12,8.28436018957346
plddt_descending,93,chaina_a75t,95.48004118404127,0.8459094519459903,False,12,8.374407582938389
plddt_descending,94,chaina_y83l,95.46996511627906,0.3073868149324864,False,12,8.464454976303317
plddt_descending,95,chaina_f32y,95.46944880875725,0.135822081016681,False,12,8.554502369668246
plddt_descending,96,chaina_a163v,95.46855598455602,0.3443208895949166,False,12,8.644549763033176
plddt_descending,97,chaina_a73l,95.46128745980711,0.2942811755361399,False,12,8.734597156398104
plddt_descending,98,chaina_q157k,95.45713917525774,0.5087370929308972,False,12,8.824644549763033
plddt_descending,99,chaina_a78s,95.45458338699291,1.040111199364573,False,12,8.914691943127963
plddt_descending,100,chaina_d123h,95.43661776061788,0.18228752978554727,False,12,9.004739336492891
plddt_descending,101,chaina_f48t,95.42245736434114,0.5861795075456752,False,12,9.09478672985782
plddt_descending,102,chaina_y152h,95.42191225806452,0.8494837172359021,False,12,9.184834123222748
plddt_descending,103,chaina_e160q,95.41170360824745,0.4301032565528229,False,12,9.274881516587678
plddt_descending,104,chaina_y83t,95.41157853910799,0.6326449563145367,False,12,9.364928909952607
plddt_descending,105,chaina_v27i,95.40858853831301,0.9686258935663242,False,12,9.454976303317535
plddt_descending,106,chaina_y152d,95.3999198966408,0.11437648927720381,False,12,9.545023696682465
plddt_descending,107,chaina_e160l,95.39688201160541,0.3014297061159654,False,12,9.635071090047393
plddt_descending,108,chaina_v121s,95.39368536428118,0.2847498014297103,False,12,9.725118483412322
plddt_descending,109,chaina_a81g,95.39041779497104,0.8101667990468662,False,12,9.815165876777252
plddt_descending,110,chaina_a73v,95.38331788931796,1.6834789515488469,True,13,9.90521327014218
plddt_descending,111,chaina_a75h,95.3786024405908,0.37053216838761177,False,13,9.995260663507109
plddt_descending,112,chaina_v27f,95.3769948586119,0.36934074662430644,False,13,10.085308056872037
plddt_descending,113,chaina_y152e,95.37530923176254,0.09293089753773066,False,13,10.175355450236967
plddt_descending,114,chaina_a75v,95.37423423423418,0.9650516282764124,False,13,10.265402843601896
plddt_descending,115,chaina_e160a,95.37283979328164,0.24900714853058062,False,13,10.355450236966824
plddt_descending,116,chaina_f48p,95.36160723514209,0.22398729150119548,False,13,10.445497630331754
plddt_descending,117,chaina_a79l,95.36025337620575,0.8101667990468614,False,13,10.535545023696683
plddt_descending,118,chaina_e160r,95.35919047619045,0.10961080222398899,False,13,10.625592417061611
plddt_descending,119,chaina_e160w,95.35435838150295,0.35623510722796087,False,13,10.71563981042654
plddt_descending,120,chaina_a75i,95.35367974276525,0.5146942017474182,False,13,10.80568720379147
plddt_descending,121,chaina_a73i,95.35308810289392,1.0401111993645757,False,13,10.895734597156398
plddt_descending,122,chaina_y83d,95.3523436692507,1.9670373312152527,True,14,10.985781990521327
plddt_descending,123,chaina_v27l,95.350181584031,0.6743447180301833,False,14,11.075829383886257
plddt_descending,124,chaina_y83e,95.34973014848289,0.42772041302621144,False,14,11.165876777251185
plddt_descending,125,chaina_a78g,95.34284848484849,1.3117553613979336,False,14,11.255924170616113
plddt_descending,126,chaina_a79k,95.34205269922884,1.5524225575853843,True,15,11.345971563981042
plddt_descending,127,chaina_f48q,95.34073806451616,0.2406671961874498,False,15,11.436018957345972
plddt_descending,128,chaina_y152r,95.33863958736295,1.8836378077839515,True,16,11.5260663507109
plddt_descending,129,chaina_a30s,95.32419059884101,0.5087370929309005,False,16,11.616113744075829
plddt_descending,130,chaina_i155v,95.32317085751133,0.829229547259732,False,16,11.706161137440759
plddt_descending,131,chaina_a159s,95.31136767546681,0.44320889594916685,False,16,11.796208530805687
plddt_descending,132,chaina_f48a,95.29450582147479,0.4765687053216835,False,16,11.886255924170616
plddt_descending,133,chaina_e160f,95.29206563706569,0.02382843526608589,False,16,11.976303317535544
plddt_descending,134,chaina_f48i,95.27854357650101,0.6683876092136631,False,16,12.066350710900474
plddt_descending,135,chaina_i155l,95.27708891752584,0.33478951548848446,False,16,12.156398104265403
plddt_descending,136,chaina_a78k,95.2717776349615,0.4444003177124722,False,16,12.246445497630331
plddt_descending,137,chaina_a75e,95.27175964010289,1.6179507545671172,True,17,12.336492890995261
plddt_descending,138,chaina_e160h,95.26824726336129,0.2621127879269302,False,17,12.42654028436019
plddt_descending,139,chaina_y83n,95.26417958656337,0.47895154884829416,False,17,12.516587677725118
plddt_descending,140,chaina_d123s,95.2621535483872,0.5385226370135044,False,17,12.606635071090047
plddt_descending,141,chaina_y83g,95.2605116580311,0.8482922954725977,False,17,12.696682464454977
plddt_descending,142,chaina_a81t,95.25939639639638,0.5504368546465462,False,17,12.786729857819905
plddt_descending,143,chaina_a163k,95.25502442159386,0.3300238284352673,False,17,12.876777251184834
plddt_descending,144,chaina_v27k,95.25170785070796,0.32883240667196273,False,17,12.966824644549764
plddt_descending,145,chaina_e160s,95.25075016139442,0.17275615567911037,False,17,13.056872037914692
plddt_descending,146,chaina_f52t,95.24734366925064,0.4158061953931719,False,17,13.14691943127962
plddt_descending,147,chaina_q157g,95.24369747899148,0.5790309769658473,False,17,13.236966824644549
plddt_descending,148,chaina_y83h,95.22233161290322,0.7839555202541709,False,17,13.327014218009479
plddt_descending,149,chaina_e160y,95.22111897106113,0.37172359015091627,False,17,13.417061611374407
plddt_descending,150,chaina_a163h,95.21490430314708,0.13939634630659373,False,17,13.507109004739336
plddt_descending,151,chaina_f52a,95.21187192755495,0.24543288324066787,False,17,13.597156398104266
plddt_descending,152,chaina_d123y,95.20137275064272,0.08339952343129377,False,17,13.687203791469194
plddt_descending,153,chaina_a73p,95.19325997426003,0.2120730738681512,False,17,13.777251184834123
plddt_descending,154,chaina_a79p,95.19297683397693,0.5647339158061939,False,17,13.867298578199053
plddt_descending,155,chaina_v27h,95.17428681672025,0.25258141382049415,False,17,13.957345971563981
plddt_descending,156,chaina_q157s,95.1697637185281,0.307386814932488,False,17,14.04739336492891
plddt_descending,157,chaina_y83k,95.1655080697225,0.2394757744241469,False,17,14.137440758293838
plddt_descending,158,chaina_a79v,95.15443758043759,0.3943606036536972,False,17,14.227488151658768
plddt_descending,159,chaina_y83s,95.15290944372575,0.3610007942811748,False,17,14.317535545023697
plddt_descending,160,chaina_f48v,95.14727131782956,0.6969817315329593,False,17,14.407582938388625
plddt_descending,161,chaina_f52g,95.1397954692557,0.07029388403495138,False,17,14.497630331753555
plddt_descending,162,chaina_a84y,95.13685054522128,2.6080222398729127,True,18,14.587677725118484
plddt_descending,163,chaina_e160d,95.12477756286273,0.15488482922954752,False,18,14.677725118483412
plddt_descending,164,chaina_a75w,95.11513773222295,0.4586973788721191,False,18,14.76777251184834
plddt_descending,165,chaina_e160n,95.11453900709228,0.4789515488482893,False,18,14.85781990521327
plddt_descending,166,chaina_a79m,95.10958070739552,0.8828435266084202,False,18,14.947867298578199
plddt_descending,167,chaina_f52r,95.09876288659788,0.11318506751389769,False,18,15.037914691943127
plddt_descending,168,chaina_a163n,95.0683832797428,0.08697378872120973,False,18,15.127962085308058
plddt_descending,169,chaina_f52v,95.05588113695089,0.39912629070691036,False,18,15.218009478672986
plddt_descending,170,chaina_v121n,95.05409401159055,0.20492454328832818,False,18,15.308056872037914
plddt_descending,171,chaina_f52m,95.03406972240158,0.5575853852263725,False,18,15.398104265402843
plddt_descending,172,chaina_q157y,95.03200257234725,0.502779984114378,False,18,15.488151658767773
plddt_descending,173,chaina_a75f,95.02118100128372,0.5683081810961091,False,18,15.578199052132701
plddt_descending,174,chaina_d123q,95.00551835157756,0.397934868943605,False,18,15.66824644549763
plddt_descending,175,chaina_f52s,95.00476405946992,0.2609213661636233,False,18,15.75829383886256
plddt_descending,176,chaina_d123f,95.0014006430869,0.22041302621127637,False,18,15.848341232227488
plddt_descending,177,chaina_q157h,94.9996934964585,0.7815726767275628,False,18,15.938388625592417
plddt_descending,178,chaina_f52d,94.98540994189804,0.1358220810166826,False,18,16.028436018957347
plddt_descending,179,chaina_f48m,94.97835635894117,0.44797458300238563,False,18,16.118483412322274
plddt_descending,180,chaina_y83r,94.9664049000645,0.27760127084988245,False,18,16.208530805687204
plddt_descending,181,chaina_a75p,94.96396010296014,1.5702938840349479,True,19,16.298578199052134
plddt_descending,182,chaina_i155m,94.95974097938146,0.362192216044481,False,19,16.38862559241706
plddt_descending,183,chaina_y83p,94.95285197155786,0.2787926926131853,False,19,16.47867298578199
plddt_descending,184,chaina_q157w,94.94488760436737,0.5575853852263692,False,19,16.56872037914692
plddt_descending,185,chaina_q157l,94.93805931656993,0.5563939634630671,False,19,16.658767772511847
plddt_descending,186,chaina_f48l,94.93114525500327,0.8685464654487695,False,19,16.748815165876778
plddt_descending,187,chaina_a75y,94.92568441308524,0.3955520254169977,False,19,16.838862559241708
plddt_descending,188,chaina_d123k,94.91397681905998,0.27164416203335906,False,19,16.928909952606634
plddt_descending,189,chaina_q157n,94.84882914248878,0.4027005559968255,False,19,17.018957345971565
plddt_descending,190,chaina_q157v,94.83643354838709,0.5980937251787171,False,19,17.10900473933649
plddt_descending,191,chaina_q157a,94.82997545219636,0.36457505957109165,False,19,17.19905213270142
plddt_descending,192,chaina_a163w,94.82743497757849,0.06433677521843205,False,19,17.28909952606635
plddt_descending,193,chaina_v121q,94.80510810810813,0.164416203335982,False,19,17.379146919431278
plddt_descending,194,chaina_q157t,94.80377935483871,0.37291501191421594,False,19,17.46919431279621
plddt_descending,195,chaina_q157e,94.778662371134,0.13224781572676586,False,19,17.55924170616114
plddt_descending,196,chaina_l22g,94.7561240310077,0.5230341540905522,False,19,17.649289099526065
plddt_descending,197,chaina_a73w,94.70128635490063,0.23947577442415013,False,19,17.739336492890995
plddt_descending,198,chaina_f52n,94.69744222078761,0.36100079428117643,False,19,17.829383886255926
plddt_descending,199,chaina_q157i,94.69584912959388,0.5468625893566319,False,19,17.919431279620852
plddt_descending,200,chaina_d123g,94.66103359173127,0.2382843526608424,False,19,18.009478672985782
plddt_descending,201,chaina_d123e,94.61935866065679,0.5742652899126293,False,19,18.099526066350712
plddt_descending,202,chaina_y152w,94.58960746460755,1.389197776012709,False,19,18.18957345971564
plddt_descending,203,chaina_q157d,94.52633526756931,0.25972994440031794,False,19,18.27962085308057
plddt_descending,204,chaina_a163y,94.49237973059651,-0.0488482922954732,False,19,18.369668246445496
plddt_descending,205,chaina_q157f,94.35858429858429,0.6004765687053196,False,19,18.459715639810426
plddt_descending,206,chaina_l22a,94.35083795997413,0.46346306592533953,False,19,18.549763033175356
plddt_descending,207,chaina_f52p,94.32811757105947,0.37291501191422,False,19,18.639810426540283
plddt_descending,208,chaina_a163f,94.2664736842105,0.15607625099285286,False,19,18.729857819905213
plddt_descending,209,chaina_d123a,94.26232020658497,0.5206513105639415,False,19,18.819905213270143
plddt_descending,210,chaina_d123p,94.2040709219859,0.33240667196187385,False,19,18.90995260663507
plddt_descending,211,chaina_a163d,94.07003987138265,0.21445591739475864,False,19,19.0
ipae_ascending,1,chaina_a163g,0.808,0.4980142970611575,False,0,0.09004739336492891
ipae_ascending,2,chaina_a163k,0.808,0.3300238284352673,False,0,0.18009478672985782
ipae_ascending,3,chaina_d123y,0.8099999999999999,0.08339952343129377,False,0,0.27014218009478674
ipae_ascending,4,chaina_a159p,0.8140000000000001,0.28594122319300996,False,0,0.36018957345971564
ipae_ascending,5,chaina_d123g,0.8160000000000001,0.2382843526608424,False,0,0.45023696682464454
ipae_ascending,6,chaina_a163i,0.82,0.11914217633042347,False,0,0.5402843601895735
ipae_ascending,7,chaina_e160p,0.82,0.18347895154884775,False,0,0.6303317535545023
ipae_ascending,8,chaina_a163l,0.8219999999999998,0.12629070691024732,False,0,0.7203791469194313
ipae_ascending,9,chaina_a163p,0.8240000000000001,0.355043685464658,False,0,0.8104265402843602
ipae_ascending,10,chaina_a163q,0.8240000000000001,0.33002382843526884,False,0,0.9004739336492891
ipae_ascending,11,chaina_d123a,0.826,0.5206513105639415,False,0,0.990521327014218
ipae_ascending,12,chaina_a163e,0.8299999999999998,0.34193804606830835,False,0,1.080568720379147
ipae_ascending,13,chaina_a163d,0.8300000000000001,0.21445591739475864,False,0,1.1706161137440758
ipae_ascending,14,chaina_f52w,0.8300000000000001,1.0865766481334356,False,0,1.2606635071090047
ipae_ascending,15,chaina_a75l,0.8320000000000001,0.8482922954726,False,0,1.3507109004739337
ipae_ascending,16,chaina_v27t,0.8320000000000001,1.0639396346306595,False,0,1.4407582938388626
ipae_ascending,17,chaina_a78v,0.836,0.40746624305004114,False,0,1.5308056872037914
ipae_ascending,18,chaina_a163m,0.8379999999999999,0.2263701350277989,False,0,1.6208530805687205
ipae_ascending,19,chaina_a163r,0.8379999999999999,1.0329626687847477,False,0,1.7109004739336493
ipae_ascending,20,chaina_l22m,0.8379999999999999,0.4158061953931679,False,0,1.8009478672985781
ipae_ascending,21,chaina_y152i,0.8379999999999999,2.76409849086576,True,1,1.8909952606635072
ipae_ascending,22,chaina_a79g,0.8400000000000001,0.8137410643367756,False,1,1.981042654028436
ipae_ascending,23,chaina_a78i,0.842,0.2609213661636209,False,1,2.071090047393365
ipae_ascending,24,chaina_v27q,0.842,0.5552025416997642,False,1,2.161137440758294
ipae_ascending,25,chaina_a163s,0.844,0.9316918189038974,False,1,2.251184834123223
ipae_ascending,26,chaina_a75n,0.844,0.5468625893566319,False,1,2.3412322274881516
ipae_ascending,27,chaina_a75r,0.844,0.5969023034154093,False,1,2.4312796208530805
ipae_ascending,28,chaina_a78f,0.844,0.7541699761715654,False,1,2.5213270142180093
ipae_ascending,29,chaina_d123p,0.844,0.33240667196187385,False,1,2.6113744075829386
ipae_ascending,30,chaina_a78l,0.8459999999999999,0.31215250198570277,False,1,2.7014218009478674
ipae_ascending,31,chaina_v27n,0.8459999999999999,0.5111199364575071,False,1,2.7914691943127963
ipae_ascending,32,chaina_v27s,0.8459999999999999,0.7589356632247802,False,1,2.881516587677725
ipae_ascending,33,chaina_y152l,0.8480000000000001,1.4285146942017515,False,1,2.971563981042654
ipae_ascending,34,chaina_a75m,0.85,1.0758538522637031,False,1,3.061611374407583
ipae_ascending,35,chaina_d123f,0.85,0.22041302621127637,False,1,3.1516587677725116
ipae_ascending,36,chaina_q157r,0.85,0.2871326449563169,False,1,3.241706161137441
ipae_ascending,37,chaina_e160k,0.852,0.3050039714058757,False,1,3.3317535545023698
ipae_ascending,38,chaina_a159g,0.8539999999999999,0.7494042891183473,False,1,3.4218009478672986
ipae_ascending,39,chaina_a75k,0.8539999999999999,0.6600476568705299,False,1,3.5118483412322274
ipae_ascending,40,chaina_d123h,0.8539999999999999,0.18228752978554727,False,1,3.6018957345971563
ipae_ascending,41,chaina_e160g,0.8539999999999999,0.47180301826846865,False,1,3.691943127962085
ipae_ascending,42,chaina_e160y,0.8539999999999999,0.37172359015091627,False,1,3.7819905213270144
ipae_ascending,43,chaina_a30i,0.8560000000000001,1.3606036536934047,False,1,3.8720379146919433
ipae_ascending,44,chaina_a75d,0.8560000000000001,0.4908657664813328,False,1,3.962085308056872
ipae_ascending,45,chaina_v121a,0.8560000000000001,0.27760127084988245,False,1,4.052132701421801
ipae_ascending,46,chaina_v121l,0.8560000000000001,1.0222398729150113,False,1,4.14218009478673
ipae_ascending,47,chaina_y152v,0.8560000000000001,1.7990468625893536,True,2,4.232227488151659
ipae_ascending,48,chaina_a78w,0.858,1.2772041302621115,False,2,4.322274881516588
ipae_ascending,49,chaina_e160w,0.858,0.35623510722796087,False,2,4.412322274881516
ipae_ascending,50,chaina_q157f,0.858,0.6004765687053196,False,2,4.502369668246446
ipae_ascending,51,chaina_v121t,0.858,0.5980937251787131,False,2,4.592417061611374
ipae_ascending,52,chaina_a78e,0.86,0.5861795075456719,False,2,4.682464454976303
ipae_ascending,53,chaina_a78h,0.86,0.6695790309769644,False,2,4.7725118483412325
ipae_ascending,54,chaina_a78m,0.86,0.5146942017474198,False,2,4.862559241706161
ipae_ascending,55,chaina_a79s,0.86,1.4725972994440022,False,2,4.95260663507109
ipae_ascending,56,chaina_a75g,0.8619999999999999,0.8173153296266908,False,2,5.042654028436019
ipae_ascending,57,chaina_a75w,0.8619999999999999,0.4586973788721191,False,2,5.132701421800948
ipae_ascending,58,chaina_a78d,0.8619999999999999,0.9876886417791899,False,2,5.222748815165877
ipae_ascending,59,chaina_a79n,0.8619999999999999,3.137013502779984,True,3,5.312796208530806
ipae_ascending,60,chaina_a79r,0.8619999999999999,0.9364575059571073,False,3,5.402843601895735
ipae_ascending,61,chaina_e160f,0.8619999999999999,0.02382843526608589,False,3,5.492890995260663
ipae_ascending,62,chaina_v27r,0.8619999999999999,0.2859412231930116,False,3,5.5829383886255926
ipae_ascending,63,chaina_d123k,0.8620000000000001,0.27164416203335906,False,3,5.672985781990521
ipae_ascending,64,chaina_a78y,0.8640000000000001,0.393169181890391,False,3,5.76303317535545
ipae_ascending,65,chaina_a81s,0.8640000000000001,0.6683876092136624,False,3,5.8530805687203795
ipae_ascending,66,chaina_d123q,0.8640000000000001,0.397934868943605,False,3,5.943127962085308
ipae_ascending,67,chaina_y152m,0.8640000000000001,1.510722795869738,True,4,6.033175355450237
ipae_ascending,68,chaina_y152q,0.8640000000000001,0.28951548848292674,False,4,6.123222748815166
ipae_ascending,69,chaina_a79q,0.866,1.8359809372517852,True,5,6.213270142180095
ipae_ascending,70,chaina_d123e,0.866,0.5742652899126293,False,5,6.303317535545023
ipae_ascending,71,chaina_a163h,0.868,0.13939634630659373,False,5,6.393364928909953
ipae_ascending,72,chaina_a75h,0.868,0.37053216838761177,False,5,6.483412322274882
ipae_ascending,73,chaina_a75q,0.868,0.8185067513899905,False,5,6.57345971563981
ipae_ascending,74,chaina_d123s,0.868,0.5385226370135044,False,5,6.6635071090047395
ipae_ascending,75,chaina_d123t,0.868,0.41342335186656526,False,5,6.753554502369668
ipae_ascending,76,chaina_a73i,0.8699999999999999,1.0401111993645757,False,5,6.843601895734597
ipae_ascending,77,chaina_a73l,0.8699999999999999,0.2942811755361399,False,5,6.9336492890995265
ipae_ascending,78,chaina_a75f,0.8699999999999999,0.5683081810961091,False,5,7.023696682464455
ipae_ascending,79,chaina_d123n,0.8699999999999999,0.8745035742652888,False,5,7.113744075829384
ipae_ascending,80,chaina_e160l,0.8699999999999999,0.3014297061159654,False,5,7.203791469194313
ipae_ascending,81,chaina_e160a,0.8719999999999999,0.24900714853058062,False,5,7.293838862559242
ipae_ascending,82,chaina_v27m,0.8720000000000001,0.7422557585385228,False,5,7.38388625592417
ipae_ascending,83,chaina_y152h,0.8720000000000001,0.8494837172359021,False,5,7.4739336492890995
ipae_ascending,84,chaina_a78q,0.874,0.26687847498014505,False,5,7.563981042654029
ipae_ascending,85,chaina_e160h,0.874,0.2621127879269302,False,5,7.654028436018957
ipae_ascending,86,chaina_e160q,0.874,0.4301032565528229,False,5,7.7440758293838865
ipae_ascending,87,chaina_v121s,0.874,0.2847498014297103,False,5,7.834123222748815
ipae_ascending,88,chaina_y83q,0.874,2.441223193010321,True,6,7.924170616113744
ipae_ascending,89,chaina_a163n,0.876,0.08697378872120973,False,6,8.014218009478673
ipae_ascending,90,chaina_a163w,0.876,0.06433677521843205,False,6,8.104265402843602
ipae_ascending,91,chaina_a78n,0.876,0.5921366163621945,False,6,8.19431279620853
ipae_ascending,92,chaina_q157k,0.876,0.5087370929308972,False,6,8.28436018957346
ipae_ascending,93,chaina_a163t,0.8779999999999999,0.24305003971405723,False,6,8.374407582938389
ipae_ascending,94,chaina_a78r,0.8779999999999999,0.6219221604447984,False,6,8.464454976303317
ipae_ascending,95,chaina_v27w,0.8779999999999999,0.06791104050834236,False,6,8.554502369668246
ipae_ascending,96,chaina_e160r,0.8800000000000001,0.10961080222398899,False,6,8.644549763033176
ipae_ascending,97,chaina_y152f,0.8800000000000001,0.6266878474980132,False,6,8.734597156398104
ipae_ascending,98,chaina_y152s,0.8800000000000001,0.3276409849086582,False,6,8.824644549763033
ipae_ascending,99,chaina_y152w,0.8800000000000001,1.389197776012709,False,6,8.914691943127963
ipae_ascending,100,chaina_a163v,0.882,0.3443208895949166,False,6,9.004739336492891
ipae_ascending,101,chaina_a30v,0.882,2.361397934868941,True,7,9.09478672985782
ipae_ascending,102,chaina_a79t,0.882,0.7386814932486124,False,7,9.184834123222748
ipae_ascending,103,chaina_f48w,0.882,2.2291501191421763,True,8,9.274881516587678
ipae_ascending,104,chaina_f48y,0.882,0.496822875297857,False,8,9.364928909952607
ipae_ascending,105,chaina_v121q,0.882,0.164416203335982,False,8,9.454976303317535
ipae_ascending,106,chaina_v27e,0.882,0.26926131850675245,False,8,9.545023696682465
ipae_ascending,107,chaina_e160i,0.8859999999999999,0.3538522637013534,False,8,9.635071090047393
ipae_ascending,108,chaina_e160v,0.8859999999999999,0.6314535345512305,False,8,9.725118483412322
ipae_ascending,109,chaina_v121i,0.8880000000000001,1.9408260524225582,True,9,9.815165876777252
ipae_ascending,110,chaina_y152a,0.89,0.5325655281969818,False,9,9.90521327014218
ipae_ascending,111,chaina_a75y,0.892,0.3955520254169977,False,9,9.995260663507109
ipae_ascending,112,chaina_a79i,0.892,0.14297061159650806,False,9,10.085308056872037
ipae_ascending,113,chaina_v121n,0.8939999999999999,0.20492454328832818,False,9,10.175355450236967
ipae_ascending,114,chaina_v27g,0.8939999999999999,0.37053216838760855,False,9,10.265402843601896
ipae_ascending,115,chaina_a75s,0.8960000000000001,1.131850675138998,False,9,10.355450236966824
ipae_ascending,116,chaina_y152n,0.898,0.515885623510726,False,9,10.445497630331754
ipae_ascending,117,chaina_v27i,0.9019999999999999,0.9686258935663242,False,9,10.535545023696683
ipae_ascending,118,chaina_a75i,0.9039999999999999,0.5146942017474182,False,9,10.625592417061611
ipae_ascending,119,chaina_e160m,0.9039999999999999,0.3895949166004791,False,9,10.71563981042654
ipae_ascending,120,chaina_f48p,0.9039999999999999,0.22398729150119548,False,9,10.80568720379147
ipae_ascending,121,chaina_a75t,0.906,0.8459094519459903,False,9,10.895734597156398
ipae_ascending,122,chaina_y83v,0.906,0.5480540111199389,False,9,10.985781990521327
ipae_ascending,123,chaina_a163y,0.916,-0.0488482922954732,False,9,11.075829383886257
ipae_ascending,124,chaina_e160t,0.9179999999999999,0.11675933280381041,False,9,11.165876777251185
ipae_ascending,125,chaina_q157g,0.9179999999999999,0.5790309769658473,False,9,11.255924170616113
ipae_ascending,126,chaina_a78t,0.9199999999999999,0.736298649722001,False,9,11.345971563981042
ipae_ascending,127,chaina_a79h,0.9199999999999999,2.653296266878475,True,10,11.436018957345972
ipae_ascending,128,chaina_i155l,0.9199999999999999,0.33478951548848446,False,10,11.5260663507109
ipae_ascending,129,chaina_a75v,0.922,0.9650516282764124,False,10,11.616113744075829
ipae_ascending,130,chaina_a163f,0.924,0.15607625099285286,False,10,11.706161137440759
ipae_ascending,131,chaina_e160s,0.924,0.17275615567911037,False,10,11.796208530805687
ipae_ascending,132,chaina_a79k,0.9259999999999999,1.5524225575853843,True,11,11.886255924170616
ipae_ascending,133,chaina_v121m,0.9259999999999999,0.8125496425734695,False,11,11.976303317535544
ipae_ascending,134,chaina_q157e,0.932,0.13224781572676586,False,11,12.066350710900474
ipae_ascending,135,chaina_v27l,0.932,0.6743447180301833,False,11,12.156398104265403
ipae_ascending,136,chaina_a73v,0.9339999999999999,1.6834789515488469,True,12,12.246445497630331
ipae_ascending,137,chaina_q157l,0.9359999999999999,0.5563939634630671,False,12,12.336492890995261
ipae_ascending,138,chaina_v27a,0.9359999999999999,0.5623510722795881,False,12,12.42654028436019
ipae_ascending,139,chaina_f52p,0.9380000000000001,0.37291501191422,False,12,12.516587677725118
ipae_ascending,140,chaina_a78s,0.9400000000000001,1.040111199364573,False,12,12.606635071090047
ipae_ascending,141,chaina_q157s,0.942,0.307386814932488,False,12,12.696682464454977
ipae_ascending,142,chaina_f52t,0.9440000000000002,0.4158061953931719,False,12,12.786729857819905
ipae_ascending,143,chaina_q157a,0.9440000000000002,0.36457505957109165,False,12,12.876777251184834
ipae_ascending,144,chaina_f52g,0.9460000000000001,0.07029388403495138,False,12,12.966824644549764
ipae_ascending,145,chaina_a79p,0.95,0.5647339158061939,False,12,13.056872037914692
ipae_ascending,146,chaina_q157w,0.95,0.5575853852263692,False,12,13.14691943127962
ipae_ascending,147,chaina_v27d,0.9560000000000001,0.37172359015091544,False,12,13.236966824644549
ipae_ascending,148,chaina_a79e,0.958,2.677124702144558,True,13,13.327014218009479
ipae_ascending,149,chaina_a79d,0.96,3.251389992057185,True,14,13.417061611374407
ipae_ascending,150,chaina_l22g,0.9640000000000001,0.5230341540905522,False,14,13.507109004739336
ipae_ascending,151,chaina_a159s,0.966,0.44320889594916685,False,14,13.597156398104266
ipae_ascending,152,chaina_e160d,0.968,0.15488482922954752,False,14,13.687203791469194
ipae_ascending,153,chaina_y83t,0.97,0.6326449563145367,False,14,13.777251184834123
ipae_ascending,154,chaina_a73p,0.9719999999999999,0.2120730738681512,False,14,13.867298578199053
ipae_ascending,155,chaina_a79l,0.9879999999999999,0.8101667990468614,False,14,13.957345971563981
ipae_ascending,156,chaina_a78k,0.992,0.4444003177124722,False,14,14.04739336492891
ipae_ascending,157,chaina_q157y,0.992,0.502779984114378,False,14,14.137440758293838
ipae_ascending,158,chaina_q157d,0.998,0.25972994440031794,False,14,14.227488151658768
ipae_ascending,159,chaina_v27k,0.998,0.32883240667196273,False,14,14.317535545023697
ipae_ascending,160,chaina_y83l,0.998,0.3073868149324864,False,14,14.407582938388625
ipae_ascending,161,chaina_f32y,1.0,0.135822081016681,False,14,14.497630331753555
ipae_ascending,162,chaina_q157n,1.002,0.4027005559968255,False,14,14.587677725118484
ipae_ascending,163,chaina_q157t,1.004,0.37291501191421594,False,14,14.677725118483412
ipae_ascending,164,chaina_f48i,1.008,0.6683876092136631,False,14,14.76777251184834
ipae_ascending,165,chaina_a75e,1.01,1.6179507545671172,True,15,14.85781990521327
ipae_ascending,166,chaina_v27f,1.014,0.36934074662430644,False,15,14.947867298578199
ipae_ascending,167,chaina_y152t,1.02,0.7100873709293081,False,15,15.037914691943127
ipae_ascending,168,chaina_i155v,1.024,0.829229547259732,False,15,15.127962085308058
ipae_ascending,169,chaina_a30p,1.028,0.2585385226370135,False,15,15.218009478672986
ipae_ascending,170,chaina_q157i,1.032,0.5468625893566319,False,15,15.308056872037914
ipae_ascending,171,chaina_a79v,1.034,0.3943606036536972,False,15,15.398104265402843
ipae_ascending,172,chaina_a81g,1.036,0.8101667990468662,False,15,15.488151658767773
ipae_ascending,173,chaina_a84y,1.038,2.6080222398729127,True,16,15.578199052132701
ipae_ascending,174,chaina_f52a,1.044,0.24543288324066787,False,16,15.66824644549763
ipae_ascending,175,chaina_q157h,1.068,0.7815726767275628,False,16,15.75829383886256
ipae_ascending,176,chaina_a79m,1.072,0.8828435266084202,False,16,15.848341232227488
ipae_ascending,177,chaina_a78g,1.074,1.3117553613979336,False,16,15.938388625592417
ipae_ascending,178,chaina_f52d,1.074,0.1358220810166826,False,16,16.028436018957347
ipae_ascending,179,chaina_y83a,1.076,0.25734710087370893,False,16,16.118483412322274
ipae_ascending,180,chaina_e160n,1.08,0.4789515488482893,False,16,16.208530805687204
ipae_ascending,181,chaina_f48v,1.11,0.6969817315329593,False,16,16.298578199052134
ipae_ascending,182,chaina_y83k,1.112,0.2394757744241469,False,16,16.38862559241706
ipae_ascending,183,chaina_y152d,1.124,0.11437648927720381,False,16,16.47867298578199
ipae_ascending,184,chaina_y83h,1.128,0.7839555202541709,False,16,16.56872037914692
ipae_ascending,185,chaina_a81t,1.136,0.5504368546465462,False,16,16.658767772511847
ipae_ascending,186,chaina_a75p,1.138,1.5702938840349479,True,17,16.748815165876778
ipae_ascending,187,chaina_i155m,1.138,0.362192216044481,False,17,16.838862559241708
ipae_ascending,188,chaina_a30s,1.152,0.5087370929309005,False,17,16.928909952606634
ipae_ascending,189,chaina_f52m,1.158,0.5575853852263725,False,17,17.018957345971565
ipae_ascending,190,chaina_f52r,1.192,0.11318506751389769,False,17,17.10900473933649
ipae_ascending,191,chaina_f52s,1.196,0.2609213661636233,False,17,17.19905213270142
ipae_ascending,192,chaina_f48t,1.1960000000000002,0.5861795075456752,False,17,17.28909952606635
ipae_ascending,193,chaina_v27h,1.198,0.25258141382049415,False,17,17.379146919431278
ipae_ascending,194,chaina_a73w,1.204,0.23947577442415013,False,17,17.46919431279621
ipae_ascending,195,chaina_y152r,1.22,1.8836378077839515,True,18,17.55924170616114
ipae_ascending,196,chaina_y83s,1.226,0.3610007942811748,False,18,17.649289099526065
ipae_ascending,197,chaina_y83r,1.23,0.27760127084988245,False,18,17.739336492890995
ipae_ascending,198,chaina_y83e,1.236,0.42772041302621144,False,18,17.829383886255926
ipae_ascending,199,chaina_f48l,1.26,0.8685464654487695,False,18,17.919431279620852
ipae_ascending,200,chaina_l22a,1.26,0.46346306592533953,False,18,18.009478672985782
ipae_ascending,201,chaina_q157v,1.2719999999999998,0.5980937251787171,False,18,18.099526066350712
ipae_ascending,202,chaina_y83n,1.272,0.47895154884829416,False,18,18.18957345971564
ipae_ascending,203,chaina_f52v,1.29,0.39912629070691036,False,18,18.27962085308057
ipae_ascending,204,chaina_f52n,1.3039999999999998,0.36100079428117643,False,18,18.369668246445496
ipae_ascending,205,chaina_y83g,1.324,0.8482922954725977,False,18,18.459715639810426
ipae_ascending,206,chaina_y83p,1.3820000000000001,0.2787926926131853,False,18,18.549763033175356
ipae_ascending,207,chaina_f48a,1.404,0.4765687053216835,False,18,18.639810426540283
ipae_ascending,208,chaina_y83d,1.404,1.9670373312152527,True,19,18.729857819905213
ipae_ascending,209,chaina_f48m,1.418,0.44797458300238563,False,19,18.819905213270143
ipae_ascending,210,chaina_y152e,1.4220000000000002,0.09293089753773066,False,19,18.90995260663507
ipae_ascending,211,chaina_f48q,1.47,0.2406671961874498,False,19,19.0
