well,design_name,raw_slope_rfu_per_s,fit_residual_sum_squares,blank_corrected_slope_rfu_per_s,fold_over_wt,key
A1,chainA_L22A,0.6388888888889018,6144.0,1.0805555555555624,0.46346306592533953,chaina_l22a
A10,chainA_F52P,0.42777777777779125,1120.6666666666667,0.8694444444444518,0.37291501191422,chaina_f52p
A11,chainA_L22H,0.13333333333333922,599.9999999999636,0.5749999999999997,0.24662430500397078,chaina_l22h
A12,chainA_F52Q,0.5583333333333407,2204.166666666667,1.000000000000001,0.42891183478951506,chaina_f52q
A13,chainA_L22I,0.21944444444446104,840.1666666666666,0.6611111111111215,0.2835583796664058,chaina_l22i
A14,chainA_F52R,-0.17777777777777626,1666.6666666667275,0.26388888888888423,0.11318506751389769,chaina_f52r
A15,chainA_L22K,0.37500000000001693,1441.5,0.8166666666666774,0.3502779984114415,chaina_l22k
A16,chainA_F52S,0.16666666666667732,560.6666666666667,0.6083333333333378,0.2609213661636233,chaina_f52s
A17,chainA_L22M,0.527777777777783,450.66666666663514,0.9694444444444434,0.4158061953931679,chaina_l22m
A18,chainA_F52T,0.5277777777777923,640.6666666666291,0.9694444444444528,0.4158061953931719,chaina_f52t
A19,chainA_L22N,-0.08888888888887968,2166.0,0.3527777777777808,0.1513105639396356,chaina_l22n
A2,chainA_F52K,0.419444444444452,308.1666666666667,0.8611111111111125,0.3693407466243048,chaina_f52k
A20,chainA_F52V,0.4888888888888973,5520.666666666556,0.9305555555555578,0.39912629070691036,chaina_f52v
A21,chainA_L22P,-0.06388888888887892,4320.166666666666,0.37777777777778154,0.1620333598093738,chaina_l22p
A22,chainA_F52W,2.0916666666666694,5828.166666666666,2.53333333333333,1.0865766481334356,chaina_f52w
A23,chainA_L22Q,-0.013888888888879297,28.166666666666664,0.4277777777777812,0.18347895154884938,chaina_l22q
A24,chainA_F52Y,-0.6166666666666608,2090.6666666667347,-0.17500000000000032,-0.07505957108816519,chaina_f52y
A3,chainA_L22D,0.31388888888889394,13.499999999994543,0.7555555555555544,0.3240667196187439,chaina_l22d
A4,chainA_F52L,1.4333333333333464,5766.0,1.8750000000000069,0.8042096902303428,chaina_f52l
A5,chainA_L22E,0.4250000000000071,2281.5,0.8666666666666676,0.37172359015091305,chaina_l22e
A6,chainA_F52M,0.8583333333333478,4.166666666663635,1.3000000000000083,0.5575853852263725,chaina_f52m
A7,chainA_L22F,0.6888888888888883,42.66666666666667,1.1305555555555489,0.48490865766480945,chaina_l22f
A8,chainA_F52N,0.4000000000000101,1232.6666666666665,0.8416666666666706,0.36100079428117643,chaina_f52n
A9,chainA_L22G,0.7777777777777962,682.6666666666279,1.2194444444444568,0.5230341540905522,chaina_l22g
B1,chainA_L22R,0.39722222222223724,5221.500000000107,0.8388888888888977,0.3598093725178743,chaina_l22r
B10,chainA_A73H,0.4638888888889003,3037.5,0.9055555555555608,0.3884034948371738,chaina_a73h
B11,chainA_L22Y,0.3388888888888947,2.666666666669092,0.7805555555555552,0.33478951548848207,chaina_l22y
B12,chainA_A73I,1.983333333333346,322.66666666663997,2.4250000000000065,1.0401111993645757,chaina_a73i
B13,chainA_V27A,0.8694444444444561,60.16666666667818,1.3111111111111167,0.5623510722795881,chaina_v27a
B14,chainA_A73K,0.5638888888888921,6468.166666666668,1.0055555555555526,0.4312946783161218,chaina_a73k
B15,chainA_V27D,0.42500000000001276,3128.166666666667,0.8666666666666732,0.37172359015091544,chaina_v27d
B16,chainA_A73L,0.2444444444444524,3082.666666666749,0.6861111111111129,0.2942811755361399,chaina_a73l
B17,chainA_V27E,0.18611111111112108,5104.166666666666,0.6277777777777815,0.26926131850675245,chaina_v27e
B18,chainA_A73M,0.4444444444444565,4160.6666666667625,0.8861111111111171,0.38006354249404467,chaina_a73m
B19,chainA_V27F,0.4194444444444558,0.16666666666606034,0.8611111111111163,0.36934074662430644,chaina_v27f
B2,chainA_A73D,0.5888888888889003,4266.666666666763,1.0305555555555608,0.4420174741858631,chaina_a73d
B20,chainA_A73N,0.10000000000001238,2730.666666666589,0.5416666666666728,0.23232724384432304,chaina_a73n
B21,chainA_V27G,0.4222222222222286,16.666666666666668,0.8638888888888892,0.37053216838760855,chaina_v27g
B22,chainA_A73P,0.052777777777789366,1633.49999999994,0.49444444444444985,0.2120730738681512,chaina_a73p
B23,chainA_V27H,0.14722222222223352,3313.5,0.588888888888894,0.25258141382049415,chaina_v27h
B24,chainA_A73Q,-0.40000000000000074,486.0,0.041666666666659746,0.01787132644956014,chaina_a73q
B3,chainA_L22S,0.6611111111111185,294.0,1.102777777777779,0.47299444003177077,chaina_l22s
B4,chainA_A73E,0.5138888888889018,468.16666666666663,0.9555555555555624,0.4098490865766502,chaina_a73e
B5,chainA_L22T,0.4805555555555656,253.5,0.922222222222226,0.3955520254169984,chaina_l22t
B6,chainA_A73F,0.3888888888889037,3360.6666666665806,0.8305555555555642,0.35623510722796164,chaina_a73f
B7,chainA_L22V,0.48055555555555995,88.16666666665272,0.9222222222222205,0.395552025416996,chaina_l22v
B8,chainA_A73G,0.4861111111111282,48.16666666666667,0.9277777777777887,0.3979348689436099,chaina_a73g
B9,chainA_L22W,0.7583333333333431,140.16666666666666,1.2000000000000035,0.514694201747419,chaina_l22w
C1,chainA_V27I,1.8166666666666818,10.666666666671517,2.258333333333342,0.9686258935663242,chaina_v27i
C10,chainA_A73W,0.11666666666668331,13824.0,0.5583333333333438,0.23947577442415013,chaina_a73w
C11,chainA_V27P,0.46388888888890406,620.1666666667036,0.9055555555555646,0.3884034948371754,chaina_v27p
C12,chainA_A73Y,0.30000000000001087,1176.0,0.7416666666666714,0.31810961080222533,chaina_a73y
C13,chainA_V27Q,0.8527777777777927,1980.1666666666006,1.2944444444444532,0.5552025416997642,chaina_v27q
C14,chainA_A75D,0.7027777777777826,4108.1666666667625,1.144444444444443,0.4908657664813328,chaina_a75d
C15,chainA_V27R,0.2250000000000105,11353.5,0.666666666666671,0.2859412231930116,chaina_v27r
C16,chainA_A75E,3.3305555555555704,4873.500000000104,3.772222222222231,1.6179507545671172,chaina_a75e
C17,chainA_V27S,1.3277777777777846,4056.0,1.769444444444445,0.7589356632247802,chaina_v27s
C18,chainA_A75F,0.8833333333333449,7210.666666666793,1.3250000000000053,0.5683081810961091,chaina_a75f
C19,chainA_V27T,2.0388888888889007,4592.666666666767,2.4805555555555614,1.0639396346306595,chaina_v27t
C2,chainA_A73R,0.491666666666672,840.1666666666237,0.9333333333333325,0.40031771247021325,chaina_a73r
C20,chainA_A75G,1.4638888888889061,2053.5,1.9055555555555665,0.8173153296266908,chaina_a75g
C21,chainA_V27W,-0.2833333333333212,170.66666666664727,0.15833333333333927,0.06791104050834236,chaina_v27w
C22,chainA_A75H,0.42222222222223615,450.66666666663514,0.8638888888888967,0.37053216838761177,chaina_a75h
C23,chainA_V27Y,0.3583333333333441,1980.1666666666665,0.8000000000000046,0.34312946783161363,chaina_v27y
C24,chainA_A75I,0.7583333333333412,228.16666666664423,1.2000000000000017,0.5146942017474182,chaina_a75i
C3,chainA_V27K,0.3250000000000098,48.166666666666664,0.7666666666666703,0.32883240667196273,chaina_v27k
C4,chainA_A73S,1.8888888888889,1600.6666666666667,2.3305555555555606,0.999602859412232,chaina_a73s
C5,chainA_V27L,1.1305555555555664,937.5,1.5722222222222269,0.6743447180301833,chaina_v27l
C6,chainA_A73T,1.9194444444444558,8.166666666666668,2.3611111111111165,1.0127084988085784,chaina_a73t
C7,chainA_V27M,1.288888888888899,1066.6666666666665,1.7305555555555594,0.7422557585385228,chaina_v27m
C8,chainA_A73V,3.483333333333344,8970.666666666666,3.9250000000000047,1.6834789515488469,chaina_a73v
C9,chainA_V27N,0.7500000000000113,1290.6666666666665,1.1916666666666718,0.5111199364575071,chaina_v27n
D1,chainA_A30D,0.5638888888888977,337.5000000000273,1.0055555555555582,0.4312946783161241,chaina_a30d
D10,chainA_A75P,3.219444444444457,1320.1666666666126,3.6611111111111176,1.5702938840349479,chaina_a75p
D11,chainA_A30I,2.730555555555562,5221.499999999893,3.1722222222222225,1.3606036536934047,chaina_a30i
D12,chainA_A75Q,1.4666666666666732,352.66666666666663,1.9083333333333337,0.8185067513899905,chaina_a75q
D13,chainA_A30K,0.07500000000000413,620.1666666667037,0.5166666666666646,0.22160444797458165,chaina_a30k
D14,chainA_A75R,0.9500000000000097,522.6666666666666,1.3916666666666702,0.5969023034154093,chaina_a75r
D15,chainA_A30L,0.7138888888888985,1204.1666666666667,1.155555555555559,0.4956314535345517,chaina_a30l
D16,chainA_A75S,2.1972222222222313,9361.5,2.638888888888892,1.131850675138998,chaina_a75s
D17,chainA_A30M,-0.3249999999999835,2948.166666666667,0.11666666666667697,0.05003971405878112,chaina_a30m
D18,chainA_A75T,1.5305555555555692,3901.5,1.9722222222222296,0.8459094519459903,chaina_a75t
D19,chainA_A30N,0.01944444444445316,6080.166666666551,0.46111111111111364,0.19777601270849948,chaina_a30n
D2,chainA_A75K,1.0972222222222263,793.5000000000418,1.5388888888888868,0.6600476568705299,chaina_a75k
D20,chainA_A75V,1.80833333333335,228.16666666666669,2.2500000000000107,0.9650516282764124,chaina_a75v
D21,chainA_A30P,0.16111111111111845,1.6543612251060553e-23,0.602777777777779,0.2585385226370135,chaina_a30p
D22,chainA_A75W,0.6277777777777823,1014.0000000000473,1.0694444444444429,0.4586973788721191,chaina_a75w
D23,chainA_A30Q,0.027777777777781114,416.66666666666663,0.4694444444444416,0.2013502779984098,chaina_a30q
D24,chainA_A75Y,0.48055555555556373,2860.1666666665874,0.9222222222222243,0.3955520254169977,chaina_a75y
D3,chainA_A30E,0.2888888888888988,2562.6666666666665,0.7305555555555593,0.3133439237490081,chaina_a30e
D4,chainA_A75L,1.5361111111111279,0.16666666666666669,1.9777777777777883,0.8482922954726,chaina_a75l
D5,chainA_A30F,0.7138888888889022,2053.5,1.1555555555555628,0.4956314535345533,chaina_a30f
D6,chainA_A75M,2.066666666666682,1734.0000000000618,2.5083333333333426,1.0758538522637031,chaina_a75m
D7,chainA_A30G,0.44722222222222563,988.1666666666665,0.8888888888888862,0.3812549642573451,chaina_a30g
D8,chainA_A75N,0.8333333333333415,80.66666666668002,1.275000000000002,0.5468625893566319,chaina_a75n
D9,chainA_A30H,0.4527777777777845,140.16666666666666,0.894444444444445,0.38363780778395495,chaina_a30h
E1,chainA_A30R,0.5055555555555663,726.0,0.9472222222222269,0.40627482128673664,chaina_a30r
E10,chainA_A78H,1.1194444444444505,400.16666666669636,1.561111111111111,0.6695790309769644,chaina_a78h
E11,chainA_A30Y,-0.08055555555554046,2860.166666666587,0.36111111111112004,0.15488482922955077,chaina_a30y
E12,chainA_A78I,0.16666666666667168,1176.000000000051,0.6083333333333322,0.2609213661636209,chaina_a78i
E13,chainA_F32A,0.0805555555555705,4108.1666666665715,0.522222222222231,0.22398729150119473,chaina_f32a
E14,chainA_A78K,0.5944444444444573,170.66666666666669,1.0361111111111179,0.4444003177124722,chaina_a78k
E15,chainA_F32D,-0.19999999999999285,912.6666666666667,0.24166666666666764,0.10365369340746644,chaina_f32d
E16,chainA_A78L,0.2861111111111185,60.16666666666667,0.727777777777779,0.31215250198570277,chaina_a78l
E17,chainA_F32E,-0.28611111111110343,840.1666666667097,0.15555555555555706,0.06671961874503625,chaina_f32e
E18,chainA_A78M,0.7583333333333449,8288.166666666802,1.2000000000000053,0.5146942017474198,chaina_a78m
E19,chainA_F32G,0.033333333333345594,726.00000000004,0.4750000000000061,0.20373312152502204,chaina_f32g
E2,chainA_A78D,1.8611111111111225,416.66666666666663,2.302777777777783,0.9876886417791899,chaina_a78d
E20,chainA_A78N,0.9388888888889033,863.9999999999563,1.3805555555555638,0.5921366163621945,chaina_a78n
E21,chainA_F32H,0.155555555555569,2480.666666666667,0.5972222222222294,0.25615567911040765,chaina_f32h
E22,chainA_A78P,0.00833333333334109,1204.1666666667184,0.45000000000000157,0.19301032565528223,chaina_a78p
E23,chainA_F32I,-0.1138888888888823,253.5,0.32777777777777817,0.14058776806989662,chaina_f32i
E24,chainA_A78Q,0.18055555555556788,8288.166666666531,0.6222222222222283,0.26687847498014505,chaina_a78q
E3,chainA_A30S,0.74444444444446,1349.9999999999454,1.1861111111111204,0.5087370929309005,chaina_a30s
E4,chainA_A78E,0.9250000000000108,2860.166666666667,1.3666666666666714,0.5861795075456719,chaina_a78e
E5,chainA_A30T,0.7694444444444588,504.1666666666333,1.2111111111111192,0.5194598888006379,chaina_a30t
E6,chainA_A78F,1.3166666666666782,80.66666666668,1.7583333333333386,0.7541699761715654,chaina_a78f
E7,chainA_A30V,5.0638888888889015,3037.4999999998363,5.505555555555562,2.361397934868941,chaina_a30v
E8,chainA_A78G,2.616666666666676,18370.666666666668,3.0583333333333367,1.3117553613979336,chaina_a78g
E9,chainA_A30W,0.6250000000000057,8140.166666666801,1.0666666666666662,0.45750595710881536,chaina_a30w
F1,chainA_F32K,0.3861111111111196,580.1666666667024,0.8277777777777802,0.35504368546465476,chaina_f32k
F10,chainA_A78W,2.5361111111111203,1204.1666666666665,2.977777777777781,1.2772041302621115,chaina_a78w
F11,chainA_F32Q,0.3500000000000124,32.66666666665818,0.791666666666673,0.33955520254170174,chaina_f32q
F12,chainA_A78Y,0.47500000000001236,1768.1666666667293,0.9166666666666728,0.393169181890391,chaina_a78y
F13,chainA_F32R,-0.299999999999994,5046.0000000001055,0.1416666666666665,0.060762509928514494,chaina_f32r
F14,chainA_A79D,7.1388888888889035,11970.666666666668,7.580555555555564,3.251389992057185,chaina_a79d
F15,chainA_F32S,0.48333333333333284,912.6666666666665,0.9249999999999934,0.39674344718029814,chaina_f32s
F16,chainA_A79E,5.800000000000017,1.852884572118782e-22,6.241666666666677,2.677124702144558,chaina_a79e
F17,chainA_F32T,-0.049999999999993994,80.66666666665333,0.3916666666666665,0.16799046862589315,chaina_f32t
F18,chainA_A79F,0.20277777777777886,704.1666666666667,0.6444444444444394,0.2764098490865739,chaina_a79f
F19,chainA_F32V,0.15277777777778861,1.5,0.5944444444444491,0.2549642573471023,chaina_f32v
F2,chainA_A78R,1.0083333333333449,3128.1666666667497,1.4500000000000053,0.6219221604447984,chaina_a78r
F20,chainA_A79G,1.4555555555555668,2399.9999999999272,1.8972222222222273,0.8137410643367756,chaina_a79g
F21,chainA_F32W,0.35555555555556,6016.6666666667825,0.7972222222222205,0.34193804606830674,chaina_f32w
F22,chainA_A79H,5.744444444444464,216.0,6.186111111111124,2.653296266878475,chaina_a79h
F23,chainA_F32Y,-0.12499999999999062,140.16666666666666,0.31666666666666987,0.135822081016681,chaina_f32y
F24,chainA_A79I,-0.1083333333333197,140.16666666666669,0.3333333333333408,0.14297061159650806,chaina_a79i
F3,chainA_F32L,0.8611111111111244,3850.6666666666665,1.302777777777785,0.5587768069896762,chaina_f32l
F4,chainA_A78S,1.9833333333333403,24.0,2.4250000000000007,1.040111199364573,chaina_a78s
F5,chainA_F32M,0.2416666666666777,140.16666666666669,0.6833333333333382,0.2930897537728371,chaina_f32m
F6,chainA_A78T,1.2750000000000083,1980.1666666666006,1.7166666666666688,0.736298649722001,chaina_a78t
F7,chainA_F32N,0.6555555555555616,4373.999999999902,1.097222222222222,0.47061159650516177,chaina_f32n
F8,chainA_A78V,0.5083333333333449,140.1666666666491,0.9500000000000053,0.40746624305004114,chaina_a78v
F9,chainA_F32P,0.1388888888888962,16.666666666666668,0.5805555555555567,0.24900714853057979,chaina_f32p
G1,chainA_F48A,0.6694444444444521,748.166666666626,1.1111111111111125,0.4765687053216835,chaina_f48a
G10,chainA_A79P,0.8750000000000056,1148.1666666666163,1.316666666666666,0.5647339158061939,chaina_a79p
G11,chainA_F48I,1.1166666666666796,32.66666666666667,1.55833333333334,0.6683876092136631,chaina_f48i
G12,chainA_A79Q,3.8388888888889,600.0,4.28055555555556,1.8359809372517852,chaina_a79q
G13,chainA_F48K,0.30833333333333884,8.166666666662422,0.7499999999999993,0.32168387609213567,chaina_f48k
G14,chainA_A79R,1.7416666666666738,1568.1666666666665,2.1833333333333345,0.9364575059571073,chaina_a79r
G15,chainA_F48L,1.5833333333333452,5642.666666666555,2.0250000000000057,0.8685464654487695,chaina_f48l
G16,chainA_A79S,2.991666666666678,3504.1666666665787,3.4333333333333385,1.4725972994440022,chaina_a79s
G17,chainA_F48M,0.6027777777777927,280.1666666666915,1.0444444444444532,0.44797458300238563,chaina_f48m
G18,chainA_A79T,1.280555555555571,620.1666666667036,1.7222222222222314,0.7386814932486124,chaina_a79t
G19,chainA_F48N,0.0472222222222324,580.1666666666666,0.48888888888889287,0.20969023034154216,chaina_f48n
G2,chainA_A79K,3.177777777777789,1066.6666666666665,3.61944444444445,1.5524225575853843,chaina_a79k
G20,chainA_A79V,0.4777777777777946,54.0,0.9194444444444552,0.3943606036536972,chaina_a79v
G21,chainA_F48P,0.08055555555557237,181.5,0.5222222222222328,0.22398729150119548,chaina_f48p
G22,chainA_A79W,0.12777777777778787,2400.0,0.5694444444444484,0.24424146147736417,chaina_a79w
G23,chainA_F48Q,0.11944444444445053,888.1666666666224,0.561111111111111,0.2406671961874498,chaina_f48q
G24,chainA_A79Y,0.011111111111123331,2562.6666666665915,0.45277777777778383,0.19420174741858837,chaina_a79y
G3,chainA_F48D,0.09444444444445167,1802.6666666666667,0.5361111111111122,0.22994440031771246,chaina_f48d
G4,chainA_A79L,1.4472222222222295,368.1666666666667,1.88888888888889,0.8101667990468614,chaina_a79l
G5,chainA_F48E,0.7555555555555626,1472.6666666666667,1.197222222222223,0.5135027799841136,chaina_f48e
G6,chainA_A79M,1.6166666666666794,6402.666666666548,2.05833333333334,0.8828435266084202,chaina_a79m
G7,chainA_F48G,1.0277777777777906,7490.666666666667,1.469444444444451,0.6302621127879284,chaina_f48g
G8,chainA_A79N,6.872222222222244,11266.666666666666,7.313888888888904,3.137013502779984,chaina_a79n
G9,chainA_F48H,0.5666666666666705,560.6666666667019,1.008333333333331,0.43248610007942623,chaina_f48h
H1,chainA_F48R,-0.002777777777765351,748.166666666626,0.43888888888889516,0.18824463860206742,chaina_f48r
H10,chainA_A81H,0.8888888888888943,192.66666666664605,1.3305555555555548,0.5706910246227149,chaina_a81h
H11,chainA_F48Y,0.7166666666666789,2400.0000000000728,1.1583333333333394,0.496822875297857,chaina_f48y
H12,chainA_A81I,0.14722222222223352,280.16666666666663,0.588888888888894,0.25258141382049415,chaina_a81i
H13,chainA_F52A,0.13055555555556447,181.5,0.572222222222225,0.24543288324066787,chaina_f52a
H14,chainA_A81K,0.09722222222223015,2521.4999999999254,0.5388888888888906,0.23113582208101693,chaina_a81k
H15,chainA_F52D,-0.12499999999998686,580.1666666666666,0.31666666666667365,0.1358220810166826,chaina_f52d
H16,chainA_A81L,0.24722222222222714,541.5000000000346,0.6888888888888877,0.29547259729944286,chaina_a81l
H17,chainA_F52E,-0.4611111111111049,3552.6666666665783,-0.01944444444444443,-0.008339952343129444,chaina_f52e
H18,chainA_A81M,0.34722222222223015,1633.49999999994,0.7888888888888906,0.3383637807783956,chaina_a81m
H19,chainA_F52G,-0.27777777777776425,240.66666666666666,0.16388888888889624,0.07029388403495138,chaina_f52g
H2,chainA_A81D,0.25555555555557014,9922.666666666815,0.6972222222222306,0.2990468625893596,chaina_a81d
H20,wt,1.9222222222222323,3850.6666666666665,2.363888888888893,1.013899920571882,wt
H21,chainA_F52H,-0.038888888888876295,7490.666666666795,0.4027777777777842,0.1727561556791128,chaina_f52h
H22,wt,1.8250000000000115,20.16666666666,2.266666666666672,0.9722001588562353,wt
H23,chainA_F52I,0.6500000000000139,864.0000000000437,1.0916666666666743,0.4682287529785567,chaina_f52i
H24,wt,1.9222222222222343,216.00000000002183,2.3638888888888947,1.0138999205718828,wt
H3,chainA_F48S,0.34166666666666945,121.5,0.7833333333333299,0.33598093725178496,chaina_f48s
H4,chainA_A81E,0.9777777777777927,7072.666666666792,1.4194444444444532,0.6088165210484536,chaina_a81e
H5,chainA_F48T,0.9250000000000184,4.166666666669698,1.366666666666679,0.5861795075456752,chaina_f48t
H6,chainA_A81F,0.4611111111111237,23.999999999992724,0.9027777777777841,0.38721207307387007,chaina_a81f
H7,chainA_F48V,1.1833333333333351,1120.6666666667165,1.6249999999999956,0.6969817315329593,chaina_f48v
H8,chainA_A81G,1.4472222222222408,20.166666666659996,1.8888888888889013,0.8101667990468662,chaina_a81g
H9,chainA_F48W,4.755555555555572,7350.0,5.197222222222233,2.2291501191421763,chaina_f48w
I1,chainA_A81N,0.3583333333333441,1908.1666666666665,0.8000000000000046,0.34312946783161363,chaina_a81n
I10,chainA_I155D,0.20000000000001725,9440.666666666668,0.6416666666666777,0.2752184273232766,chaina_i155d
I11,chainA_A81T,0.8416666666666788,7561.500000000129,1.2833333333333392,0.5504368546465462,chaina_a81t
I12,chainA_I155E,0.43611111111111733,2360.1666666665947,0.8777777777777778,0.37648927720412945,chaina_i155e
I13,chainA_A81V,0.38611111111112334,15708.166666666479,0.8277777777777838,0.3550436854646563,chaina_a81v
I14,chainA_I155F,0.4583333333333377,661.5000000000382,0.8999999999999981,0.38602065131056235,chaina_i155f
I15,chainA_A81W,0.1166666666666758,0.6666666666666667,0.5583333333333362,0.2394757744241469,chaina_a81w
I16,chainA_I155G,0.7083333333333509,308.1666666666667,1.1500000000000115,0.4932486100079467,chaina_i155g
I17,chainA_A81Y,0.34444444444445355,486.0,0.7861111111111141,0.3371723590150919,chaina_a81y
I18,chainA_I155H,0.21666666666668255,3750.000000000091,0.658333333333343,0.28236695790310123,chaina_i155h
I19,chainA_Y83A,0.15833333333333996,748.1666666666666,0.6000000000000004,0.25734710087370893,chaina_y83a
I2,chainA_Y152T,1.2138888888888966,2604.1666666667425,1.655555555555557,0.7100873709293081,chaina_y152t
I20,chainA_I155K,-0.019444444444440025,1441.5000000000564,0.42222222222222044,0.18109610802223874,chaina_i155k
I21,chainA_Y83D,4.144444444444466,0.6666666666678793,4.586111111111126,1.9670373312152527,chaina_y83d
I22,chainA_I155L,0.33888888888890034,4160.666666666571,0.7805555555555608,0.33478951548848446,chaina_i155l
I23,chainA_Y83E,0.5555555555555641,5642.666666666779,0.9972222222222247,0.42772041302621144,chaina_y83e
I24,chainA_I155M,0.4027777777777886,3037.5,0.8444444444444491,0.362192216044481,chaina_i155m
I3,chainA_A81P,1.0416666666666754,88.16666666668061,1.4833333333333358,0.6362192216044477,chaina_a81p
I4,chainA_Y152V,3.7527777777777858,4004.16666666676,4.194444444444446,1.7990468625893536,chaina_y152v
I5,chainA_A81Q,0.5166666666666728,770.6666666667079,0.9583333333333333,0.4110405083399514,chaina_a81q
I6,chainA_Y152W,2.7972222222222363,160.16666666664787,3.238888888888897,1.389197776012709,chaina_y152w
I7,chainA_A81R,0.5305555555555709,13.499999999994543,0.9722222222222314,0.4169976171564765,chaina_a81r
I8,chainA_I155A,1.3194444444444529,704.1666666667061,1.7611111111111133,0.7553613979348683,chaina_i155a
I9,chainA_A81S,1.1166666666666778,4374.0,1.5583333333333382,0.6683876092136624,chaina_a81s
J1,chainA_Y83F,1.7166666666666788,726.00000000004,2.1583333333333394,0.9257347100873716,chaina_y83f
J10,chainA_I155S,0.5833333333333415,32.66666666665818,1.025000000000002,0.4396346306592533,chaina_i155s
J11,chainA_Y83L,0.27500000000000824,793.5000000000418,0.7166666666666688,0.3073868149324864,chaina_y83l
J12,chainA_I155T,0.6416666666666728,1.499999999998181,1.0833333333333333,0.46465448768864076,chaina_i155t
J13,chainA_Y83M,0.030555555555567108,0.16666666666727298,0.4722222222222276,0.20254169976171751,chaina_y83m
J14,chainA_I155V,1.4916666666666816,9361.499999999856,1.933333333333342,0.829229547259732,chaina_i155v
J15,chainA_Y83N,0.6750000000000128,1261.5,1.1166666666666734,0.47895154884829416,chaina_y83n
J16,chainA_I155W,-0.18611111111110046,888.1666666666666,0.25555555555556003,0.10961080222398899,chaina_i155w
J17,chainA_Y83P,0.20833333333334145,12060.16666666683,0.6500000000000019,0.2787926926131853,chaina_y83p
J18,chainA_I155Y,-0.16111111111111284,80.66666666665333,0.2805555555555477,0.12033359809372154,chaina_i155y
J19,chainA_Y83Q,5.250000000000008,1066.6666666667152,5.691666666666668,2.441223193010321,chaina_y83q
J2,chainA_I155N,1.7972222222222305,4108.1666666667625,2.238888888888891,0.960285941223192,chaina_i155n
J20,chainA_Q157A,0.4083333333333493,433.4999999999691,0.8500000000000099,0.36457505957109165,chaina_q157a
J21,chainA_Y83R,0.20555555555556673,962.6666666666666,0.6472222222222273,0.27760127084988245,chaina_y83r
J22,chainA_Q157D,0.16388888888889694,2204.166666666597,0.6055555555555574,0.25972994440031794,chaina_q157d
J23,chainA_Y83S,0.40000000000000635,3266.666666666667,0.8416666666666668,0.3610007942811748,chaina_y83s
J24,chainA_Q157E,-0.13333333333332983,962.6666666666665,0.3083333333333307,0.13224781572676586,chaina_q157e
J3,chainA_Y83G,1.5361111111111223,4.166666666666666,1.9777777777777827,0.8482922954725977,chaina_y83g
J4,chainA_I155P,0.3861111111111252,28.166666666658784,0.8277777777777857,0.35504368546465714,chaina_i155p
J5,chainA_Y83H,1.3861111111111235,1768.1666666666042,1.827777777777784,0.7839555202541709,chaina_y83h
J6,chainA_I155Q,0.8888888888888999,266.6666666666667,1.3305555555555604,0.5706910246227173,chaina_i155q
J7,chainA_Y83I,0.29166666666667357,253.5,0.7333333333333341,0.314535345512311,chaina_y83i
J8,chainA_I155R,0.33055555555555927,73.5,0.7722222222222197,0.3312152501985685,chaina_i155r
J9,chainA_Y83K,0.1166666666666758,2166.0,0.5583333333333362,0.2394757744241469,chaina_y83k
K1,chainA_Y83T,1.0333333333333456,240.6666666666436,1.475000000000006,0.6326449563145367,chaina_y83t
K10,chainA_Q157K,0.7444444444444525,3082.666666666584,1.186111111111113,0.5087370929308972,chaina_q157k
K11,chainA_A84F,2.044444444444452,450.66666666666663,2.4861111111111125,1.066322478157266,chaina_a84f
K12,chainA_Q157L,0.8555555555555674,2400.0000000000728,1.2972222222222278,0.5563939634630671,chaina_q157l
K13,chainA_A84G,0.12777777777778598,1802.6666666667297,0.5694444444444464,0.2442414614773633,chaina_a84g
K14,chainA_Q157M,0.43055555555556974,661.5000000000382,0.8722222222222302,0.3741064336775245,chaina_q157m
K15,chainA_A84H,0.4166666666666735,1176.0,0.8583333333333341,0.3681493248610003,chaina_a84h
K16,chainA_Q157N,0.4972222222222365,2948.166666666586,0.938888888888897,0.4027005559968255,chaina_q157n
K17,chainA_A84I,1.1250000000000056,2688.1666666667434,1.566666666666666,0.6719618745035726,chaina_a84i
K18,chainA_Q157P,-0.11111111111110193,450.6666666666667,0.33055555555555854,0.14177918983320192,chaina_q157p
K19,chainA_A84K,-0.0527777777777706,1.5,0.3888888888888899,0.16679904686258945,chaina_a84k
K2,chainA_Q157F,0.9583333333333377,3408.1666666667534,1.3999999999999981,0.6004765687053196,chaina_q157f
K20,chainA_Q157R,0.22777777777779087,0.6666666666666667,0.6694444444444514,0.2871326449563169,chaina_q157r
K21,chainA_A84L,0.10833333333335347,37.5,0.5500000000000139,0.235901509134239,chaina_a84l
K22,chainA_Q157S,0.275000000000012,1148.166666666717,0.7166666666666726,0.307386814932488,chaina_q157s
K23,chainA_A84M,0.02222222222223165,3174.0,0.4638888888888921,0.19896743447180398,chaina_a84m
K24,chainA_Q157T,0.42777777777778186,450.66666666663514,0.8694444444444424,0.37291501191421594,chaina_q157t
K3,chainA_Y83V,0.8361111111111256,6733.499999999878,1.2777777777777861,0.5480540111199389,chaina_y83v
K4,chainA_Q157G,0.9083333333333455,988.1666666667134,1.350000000000006,0.5790309769658473,chaina_q157g
K5,chainA_Y83W,1.4500000000000173,384.0,1.8916666666666777,0.8113582208101698,chaina_y83w
K6,chainA_Q157H,1.3805555555555684,280.16666666666663,1.8222222222222288,0.7815726767275628,chaina_q157h
K7,chainA_A84D,0.4638888888888947,541.5000000000346,0.9055555555555552,0.3884034948371714,chaina_a84d
K8,chainA_Q157I,0.8333333333333415,1290.6666666667202,1.275000000000002,0.5468625893566319,chaina_q157i
K9,chainA_A84E,0.34166666666667317,3408.1666666666665,0.7833333333333337,0.33598093725178657,chaina_a84e
L1,chainA_A84N,0.2888888888888876,13632.666666666491,0.7305555555555481,0.3133439237490033,chaina_a84n
L10,chainA_A159E,0.37777777777778976,192.66666666664605,0.8194444444444502,0.3514694201747436,chaina_a159e
L11,chainA_A84T,0.16666666666667918,4930.666666666771,0.6083333333333396,0.26092136616362405,chaina_a84t
L12,chainA_A159F,0.09444444444445542,726.0,0.5361111111111159,0.22994440031771402,chaina_a159f
L13,chainA_A84V,2.122222222222242,1066.6666666666667,2.563888888888903,1.0996822875297891,chaina_a84v
L14,chainA_A159G,1.3055555555555642,1872.6666666667309,1.7472222222222247,0.7494042891183473,chaina_a159g
L15,chainA_A84W,0.26944444444445315,4004.1666666667606,0.7111111111111137,0.30500397140587815,chaina_a84w
L16,chainA_A159H,0.2361111111111132,1908.1666666667315,0.6777777777777737,0.2907069102462248,chaina_a159h
L17,chainA_A84Y,5.638888888888903,8663.999999999724,6.080555555555563,2.6080222398729127,chaina_a84y
L18,chainA_A159I,-0.3194444444444434,11180.166666666668,0.12222222222221707,0.0524225575853829,chaina_a159i
L19,chainA_V121A,0.20555555555556673,3552.666666666667,0.6472222222222273,0.27760127084988245,chaina_v121a
L2,chainA_Q157V,0.9527777777777957,280.1666666666915,1.3944444444444561,0.5980937251787171,chaina_q157v
L20,chainA_A159K,-0.09444444444442728,6016.666666666667,0.3472222222222332,0.1489277204130306,chaina_a159k
L21,chainA_V121D,0.07777777777778637,3850.666666666759,0.5194444444444468,0.22279586973788776,chaina_v121d
L22,chainA_A159L,-0.5555555555555416,962.6666666666206,-0.1138888888888811,-0.04884829229546916,chaina_a159l
L23,chainA_V121E,-0.04722222222221551,13.5,0.394444444444445,0.16918189038919765,chaina_v121e
L24,chainA_A159M,-0.6861111111111042,793.5,-0.24444444444444374,-0.10484511517076993,chaina_a159m
L3,chainA_A84P,0.56666666666668,4482.666666666666,1.0083333333333404,0.4324861000794302,chaina_a84p
L4,chainA_Q157W,0.8583333333333403,1908.1666666666667,1.3000000000000007,0.5575853852263692,chaina_q157w
L5,chainA_A84Q,0.15555555555556336,1176.000000000051,0.5972222222222239,0.25615567911040527,chaina_a84q
L6,chainA_Q157Y,0.7305555555555675,1.499999999998181,1.172222222222228,0.502779984114378,chaina_q157y
L7,chainA_A84R,0.3861111111111252,4108.1666666665715,0.8277777777777857,0.35504368546465714,chaina_a84r
L8,chainA_A159D,0.2888888888888951,816.6666666667091,0.7305555555555556,0.31334392374900655,chaina_a159d
L9,chainA_A84S,0.8055555555555678,560.6666666667019,1.2472222222222282,0.5349483717235916,chaina_a84s
M1,chainA_V121F,2.1111111111111245,6272.666666666667,2.552777777777785,1.0949166004765696,chaina_v121f
M10,chainA_A159S,0.591666666666677,1568.1666666666667,1.0333333333333374,0.44320889594916685,chaina_a159s
M11,chainA_V121L,1.9416666666666762,13.5,2.383333333333337,1.0222398729150113,chaina_v121l
M12,chainA_A159T,0.027777777777784868,4374.0,0.46944444444444533,0.2013502779984114,chaina_a159t
M13,chainA_V121M,1.4527777777777846,1700.1666666666667,1.894444444444445,0.8125496425734695,chaina_v121m
M14,chainA_A159V,0.5916666666666788,88.16666666668061,1.0333333333333392,0.44320889594916757,chaina_a159v
M15,chainA_V121N,0.03611111111112784,8140.166666666666,0.47777777777778835,0.20492454328832818,chaina_v121n
M16,chainA_A159W,-0.06944444444443965,2688.1666666667434,0.37222222222222084,0.15965051628276317,chaina_a159w
M17,chainA_V121P,0.12777777777779162,816.6666666666666,0.5694444444444521,0.24424146147736575,chaina_v121p
M18,chainA_A159Y,-0.4944444444444355,1232.6666666666667,-0.05277777777777504,-0.02263701350277876,chaina_a159y
M19,chainA_V121Q,-0.05833333333332383,121.5,0.38333333333333663,0.164416203335982,chaina_v121q
M2,chainA_A159N,0.5222222222222317,3360.6666666666665,0.9638888888888921,0.41342335186656126,chaina_a159n
M20,chainA_E160A,0.13888888888889805,170.66666666666666,0.5805555555555586,0.24900714853058062,chaina_e160a
M21,chainA_V121R,-0.09722222222221139,1204.1666666666665,0.3444444444444491,0.14773629864972368,chaina_v121r
M22,chainA_E160D,-0.08055555555554797,48.166666666676974,0.3611111111111125,0.15488482922954752,chaina_e160d
M23,chainA_V121S,0.22222222222223953,8816.666666666666,0.6638888888889001,0.2847498014297103,chaina_v121s
M24,chainA_E160F,-0.38611111111110086,400.1666666666667,0.05555555555555963,0.02382843526608589,chaina_e160f
M3,chainA_V121G,0.36944444444446367,2440.166666666667,0.8111111111111242,0.34789515488483413,chaina_v121g
M4,chainA_A159P,0.22500000000000675,37.5,0.6666666666666672,0.28594122319300996,chaina_a159p
M5,chainA_V121H,0.06944444444444528,1320.1666666666665,0.5111111111111057,0.2192216044479718,chaina_v121h
M6,chainA_A159Q,0.26388888888889056,337.5000000000273,0.705555555555551,0.3026211278792667,chaina_a159q
M7,chainA_V121I,4.083333333333351,32.666666666666664,4.525000000000011,1.9408260524225582,chaina_v121i
M8,chainA_A159R,-0.052777777777764975,8.166666666666668,0.3888888888888955,0.16679904686259184,chaina_a159r
M9,chainA_V121K,0.22500000000001613,1504.166666666609,0.6666666666666766,0.285941223193014,chaina_v121k
N1,chainA_V121T,0.9527777777777864,1568.1666666666079,1.3944444444444468,0.5980937251787131,chaina_v121t
N10,chainA_E160L,0.26111111111111956,1175.999999999949,0.70277777777778,0.3014297061159654,chaina_e160l
N11,chainA_D123F,0.07222222222222377,2399.9999999999272,0.5138888888888843,0.22041302621127637,chaina_d123f
N12,chainA_E160M,0.46666666666668066,95.99999999998545,0.9083333333333412,0.3895949166004791,chaina_e160m
N13,chainA_D123G,0.11388888888889731,937.4999999999545,0.5555555555555578,0.2382843526608424,chaina_d123g
N14,chainA_E160N,0.6750000000000015,988.1666666666199,1.116666666666662,0.4789515488482893,chaina_e160n
N15,chainA_D123H,-0.016666666666652154,450.6666666666982,0.4250000000000083,0.18228752978554727,chaina_d123h
N16,chainA_E160P,-0.01388888888888305,28.166666666658784,0.4277777777777774,0.18347895154884775,chaina_e160p
N17,chainA_D123I,0.3500000000000143,4816.666666666563,0.7916666666666747,0.3395552025417025,chaina_d123i
N18,chainA_E160Q,0.5611111111111268,9760.66666666652,1.0027777777777873,0.4301032565528229,chaina_e160q
N19,chainA_D123K,0.19166666666667243,368.16666666669516,0.6333333333333329,0.27164416203335906,chaina_d123k
N2,chainA_E160G,0.6583333333333456,504.1666666666333,1.100000000000006,0.47180301826846865,chaina_e160g
N20,chainA_E160R,-0.18611111111110046,8.166666666666668,0.25555555555556003,0.10961080222398899,chaina_e160r
N21,chainA_D123L,0.11111111111112258,32.66666666665818,0.552777777777783,0.2370929308975395,chaina_d123l
N22,chainA_E160S,-0.03888888888888193,560.6666666666666,0.40277777777777857,0.17275615567911037,chaina_e160s
N23,chainA_D123M,0.327777777777792,112.66666666665091,0.7694444444444525,0.33002382843526884,chaina_d123m
N24,chainA_E160T,-0.16944444444444265,337.5000000000273,0.2722222222222178,0.11675933280381041,chaina_e160t
N3,chainA_V121W,0.8305555555555573,0.16666666666606034,1.2722222222222177,0.5456711675933249,chaina_v121w
N4,chainA_E160H,0.16944444444446144,104.16666666666666,0.6111111111111219,0.2621127879269302,chaina_e160h
N5,chainA_V121Y,1.3805555555555626,1093.5,1.822222222222223,0.7815726767275603,chaina_v121y
N6,chainA_E160I,0.3833333333333486,24.000000000007276,0.8250000000000091,0.3538522637013534,chaina_e160i
N7,chainA_D123A,0.7722222222222355,450.66666666666663,1.213888888888896,0.5206513105639415,chaina_d123a
N8,chainA_E160K,0.26944444444444754,1768.1666666666667,0.711111111111108,0.3050039714058757,chaina_e160k
N9,chainA_D123E,0.8972222222222316,8.166666666666666,1.3388888888888921,0.5742652899126293,chaina_d123e
O1,chainA_D123N,1.59722222222223,1441.5000000000564,2.0388888888888905,0.8745035742652888,chaina_d123n
O10,chainA_A163E,0.35555555555556373,726.00000000004,0.7972222222222243,0.34193804606830835,chaina_a163e
O11,chainA_D123T,0.522222222222241,8816.666666666528,0.9638888888889015,0.41342335186656526,chaina_d123t
O12,chainA_A163F,-0.0777777777777676,600.0,0.36388888888889287,0.15607625099285286,chaina_a163f
O13,chainA_D123V,0.3916666666666728,704.1666666666272,0.8333333333333333,0.35742652899126215,chaina_d123v
O14,chainA_A163G,0.719444444444448,888.1666666666665,1.1611111111111085,0.4980142970611575,chaina_a163g
O15,chainA_D123W,0.1944444444444547,770.6666666666667,0.6361111111111152,0.27283558379666517,chaina_d123w
O16,chainA_A163H,-0.11666666666665704,1232.6666666666667,0.32500000000000345,0.13939634630659373,chaina_a163h
O17,chainA_D123Y,-0.24722222222221776,8.166666666662422,0.19444444444444273,0.08339952343129377,chaina_d123y
O18,chainA_A163I,-0.16388888888887632,4988.166666666772,0.2777777777777842,0.11914217633042347,chaina_a163i
O19,chainA_Y152A,0.8000000000000089,450.66666666666663,1.2416666666666694,0.5325655281969818,chaina_y152a
O2,chainA_E160V,1.0305555555555634,6600.166666666787,1.4722222222222239,0.6314535345512305,chaina_e160v
O20,chainA_A163K,0.32777777777778827,1350.0,0.7694444444444488,0.3300238284352673,chaina_a163k
O21,chainA_Y152D,-0.174999999999994,37.499999999990905,0.2666666666666665,0.11437648927720381,chaina_y152d
O22,chainA_A163L,-0.14722222222221287,1380.1666666666665,0.2944444444444476,0.12629070691024732,chaina_a163l
O23,chainA_Y152E,-0.224999999999988,2604.1666666667425,0.2166666666666725,0.09293089753773066,chaina_y152e
O24,chainA_A163M,0.0861111111111162,11528.166666666828,0.5277777777777767,0.2263701350277989,chaina_a163m
O3,chainA_D123P,0.3333333333333396,1175.999999999949,0.7750000000000001,0.33240667196187385,chaina_d123p
O4,chainA_E160W,0.38888888888890183,3850.666666666667,0.8305555555555624,0.35623510722796087,chaina_e160w
O5,chainA_D123Q,0.48611111111111693,1380.1666666666115,0.9277777777777774,0.397934868943605,chaina_d123q
O6,chainA_E160Y,0.42500000000001464,0.16666666666606034,0.8666666666666751,0.37172359015091627,chaina_e160y
O7,chainA_D123R,0.7277777777777891,962.6666666666667,1.1694444444444496,0.5015885623510734,chaina_d123r
O8,chainA_A163D,0.05833333333334259,1441.5,0.5000000000000031,0.21445591739475864,chaina_a163d
O9,chainA_D123S,0.8138888888889014,748.1666666667073,1.255555555555562,0.5385226370135044,chaina_d123s
P1,chainA_Y152F,1.0194444444444513,5953.5,1.4611111111111117,0.6266878474980132,chaina_y152f
P10,chainA_A163S,1.7305555555555787,2440.1666666666665,2.1722222222222394,0.9316918189038974,chaina_a163s
P11,chainA_Y152L,2.8888888888889115,1232.6666666666144,3.330555555555572,1.4285146942017515,chaina_y152l
P12,chainA_A163T,0.12500000000000375,840.1666666666667,0.5666666666666642,0.24305003971405723,chaina_a163t
P13,chainA_Y152M,3.080555555555569,7280.166666666666,3.5222222222222297,1.510722795869738,chaina_y152m
P14,chainA_A163V,0.3611111111111189,8362.666666666531,0.8027777777777794,0.3443208895949166,chaina_a163v
P15,chainA_Y152N,0.7611111111111272,6272.66666666655,1.2027777777777877,0.515885623510726,chaina_y152n
P16,chainA_A163W,-0.29166666666664914,13.5,0.15000000000001135,0.06433677521843205,chaina_a163w
P17,chainA_Y152P,-0.27777777777776613,1600.666666666726,0.16388888888889436,0.07029388403495057,chaina_y152p
P18,chainA_A163Y,-0.555555555555551,2730.6666666665888,-0.11388888888889054,-0.0488482922954732,chaina_a163y
P19,chainA_Y152Q,0.2333333333333497,725.99999999996,0.6750000000000103,0.28951548848292674,chaina_y152q
P2,chainA_A163N,-0.23888888888887666,6666.666666666788,0.20277777777778383,0.08697378872120973,chaina_a163n
P20,blank,-0.5055555555555551,1872.666666666667,-0.0638888888888946,-0.027402700555999214,blank
P21,chainA_Y152R,3.950000000000006,5162.666666666666,4.391666666666667,1.8836378077839515,chaina_y152r
P22,blank,-0.44444444444443965,770.6666666667078,-0.0027777777777791557,-0.0011914217633047983,blank
P23,chainA_Y152S,0.3222222222222313,3266.666666666667,0.7638888888888917,0.3276409849086582,chaina_y152s
P24,blank,-0.3749999999999869,1040.1666666666665,0.06666666666667359,0.028594122319303944,blank
P3,chainA_Y152G,0.7333333333333404,192.66666666666666,1.175000000000001,0.5039714058776801,chaina_y152g
P4,chainA_A163P,0.3861111111111271,2773.500000000078,0.8277777777777876,0.355043685464658,chaina_a163p
P5,chainA_Y152H,1.5388888888889007,23.999999999992724,1.9805555555555612,0.8494837172359021,chaina_y152h
P6,chainA_A163Q,0.327777777777792,1120.6666666667163,0.7694444444444525,0.33002382843526884,chaina_a163q
P7,chainA_Y152I,6.002777777777783,280.1666666666418,6.444444444444443,2.76409849086576,chaina_y152i
P8,chainA_A163R,1.9666666666666732,912.6666666666666,2.4083333333333337,1.0329626687847477,chaina_a163r
P9,chainA_Y152K,1.3416666666666826,840.1666666667097,1.783333333333343,0.7648927720413051,chaina_y152k
