candidate,arm,rfd3_seed,stage,sample,source_water_recovery_error_A,three_anchor_fit_rmsd_A,Zn_H36_NE2_A,Zn_H40_NE2_A,Zn_E152_min_A,E37_water_min_A,Zn_water_A,Zn_G7_O_A,water_G7_C_A,water_G7_C_G7_O_degrees,Y115_OH_G7_O_A,Y115_CZ_OH_G7_O_degrees,G7_C_M8_N_A
source_input,both,,SOURCE,,0.0,0.0,2.0596419591763997,2.29268706979387,2.064412265028474,2.68577065290393,2.049537752762803,2.1010411704676333,2.264328818877681,86.9332995477455,2.5742350320046543,111.14308462113863,1.3229433094430039
water_fixed_seed0,water_fixed,0,RFD3,,0.00816150905965348,0.0019861730115925628,2.0571789739290445,2.2891058283015364,2.0748108559313607,2.6800889139940978,2.0454021716878352,2.1020888339507233,2.2693732464362544,86.47538505451952,2.5740498095170965,111.22389700868608,1.3119651067792353
water_fixed_seed0,water_fixed,0,LigandMPNN,,0.00816150905965348,0.0019861730115925628,2.0571789739290445,2.2891058283015364,2.0748108559313607,2.6800889139940978,2.0454021716878352,2.1020888339507233,2.2693732464362544,86.47538505451952,2.5740498095170965,111.22389700868608,1.3119651067792353
water_fixed_seed0,water_fixed,0,RF3_ES,0,0.47259675102769244,0.1730785488535788,1.9849598564021433,1.996424309767986,2.164236350401966,2.6120133352074517,1.9096172155270086,10.983769578607392,10.532892889209126,68.95040314686074,23.53728889817649,55.73005375662129,1.291169244827169
water_fixed_seed0,water_fixed,0,RF3_ES,1,2.4806083219559576,0.1607053289098315,1.9203406909933836,1.9636656869354212,2.088233796196136,4.982466308583507,1.8122470589542892,3.5149026159958514,2.3572557777957965,64.71790204078185,7.925639322181324,117.2292105781387,1.328389975230408
water_fixed_seed0,water_fixed,0,RF3_ES,2,2.5611618914054533,0.148640328395541,1.9440826205389892,2.068744499156065,2.359393376241434,4.257426624299674,2.3463438358379007,11.583452706176995,8.373132407033673,134.871362465548,19.689053153167773,157.90408884984762,1.293974995066085
water_fixed_seed0,water_fixed,0,RF3_ES,3,1.3476274538205042,0.08786782263624286,2.026099657580791,2.0995925578660946,2.3019918263586234,2.8158392277650446,1.9423834749271824,8.714376709967866,6.81951305645422,160.82126420639977,15.546500686229349,146.8089605840546,1.3262177507037436
water_fixed_seed0,water_fixed,0,RF3_ES,4,0.5627600849405825,0.13106545004858786,2.0187922658028596,1.9999536901146329,2.4167874431160903,2.8753089617832703,1.7193482696019042,5.846407148365919,6.086129154060176,80.6880928506908,9.281991122222461,106.5451638968409,1.3062634472297276
water_coordinate_free_seed0,water_coordinate_free,0,RFD3,,3.2949035944615797,0.0019861730115925628,2.0571789739290445,2.2891058283015364,2.0748108559313607,5.803959419326537,2.4640784047873217,2.1020888339507233,2.0286508365845437,21.414670413626332,2.5740498095170965,111.22389700868608,1.3119651067792353
water_coordinate_free_seed0,water_coordinate_free,0,LigandMPNN,,3.2949035944615797,0.0019861730115925628,2.0571789739290445,2.2891058283015364,2.0748108559313607,5.803959419326537,2.4640784047873217,2.1020888339507233,2.0286508365845437,21.414670413626332,2.5740498095170965,111.22389700868608,1.3119651067792353
water_coordinate_free_seed0,water_coordinate_free,0,RF3_ES,0,0.5521181199712789,0.0974455390841408,2.068652157736654,2.0702026969088894,2.365361051955818,3.3291989162251756,1.620787132308077,10.128227427287444,11.786785213472308,50.9327008499913,12.420260782615031,21.662941144549354,1.293652237454699
water_coordinate_free_seed0,water_coordinate_free,0,RF3_ES,1,0.27536838739121655,0.12205877615785518,2.004024770483567,2.048491034510872,2.366516328564572,2.087874804865996,2.2430366422571826,6.508447732840818,7.3693422929316785,104.79906506435502,6.40610763314012,18.528901070725027,1.3011715556146441
water_coordinate_free_seed0,water_coordinate_free,0,RF3_ES,2,0.8419865876098616,0.09142117118332671,2.077400896305658,2.098868214206251,2.3414201664870475,2.461308793184481,1.7773767913558747,10.929065223777876,11.518269642040833,37.41261832087536,12.554191517430345,46.501215359992635,1.32763827658786
water_coordinate_free_seed0,water_coordinate_free,0,RF3_ES,3,0.44462674486135434,0.06259000941213,2.0644997495840745,2.1681575873139174,2.5921428639824398,2.6757108711825777,1.9841037581753145,9.430546218084386,11.803340411668287,54.05412807794155,8.1872395165819,18.304745432178763,1.320938047609711
water_coordinate_free_seed0,water_coordinate_free,0,RF3_ES,4,0.7826698711637217,0.09179742878683282,2.033886917132772,2.083207568687843,2.472647037462242,2.3136858386354824,2.018312061204136,8.668319126005642,8.81058414773689,86.99657181379726,8.468637142993472,44.04395969813532,1.324685128843735
water_fixed_seed1,water_fixed,1,RFD3,,0.00816150905965348,0.0019861730115925628,2.0571789739290445,2.2891058283015364,2.0748108559313607,2.6800889139940978,2.0454021716878352,2.1020888339507233,2.2693732464362544,86.47538505451952,2.5740498095170965,111.22389700868608,1.3119651067792353
water_fixed_seed1,water_fixed,1,LigandMPNN,,0.00816150905965348,0.0019861730115925628,2.0571789739290445,2.2891058283015364,2.0748108559313607,2.6800889139940978,2.0454021716878352,2.1020888339507233,2.2693732464362544,86.47538505451952,2.5740498095170965,111.22389700868608,1.3119651067792353
water_fixed_seed1,water_fixed,1,RF3_ES,0,1.754598652046268,0.2009344549706569,2.0051469547451375,2.01734406464386,27.541000672314123,8.909403312127955,1.815009035752639,4.686915383645916,4.209507970018197,68.05780189514925,15.163691169900748,144.2878611432421,1.2896624384134439
water_fixed_seed1,water_fixed,1,RF3_ES,1,0.9853666292926081,0.1870332575553165,1.9864426909044897,1.8616469881761109,22.81382229291888,4.9213803696659415,2.0026872225796883,13.530616046973856,12.711876448617899,65.84190837494471,22.042293245177405,69.86526454920038,1.3265203816915045
water_fixed_seed1,water_fixed,1,RF3_ES,2,1.1916992287547237,0.12475704810144321,2.1089605385243178,2.0102687537499064,22.76202340114521,4.506802495288064,1.8899231779905121,16.4947313763604,16.17887160959709,72.15838000296807,8.598545201611755,139.40446791295247,1.3346962991758804
water_fixed_seed1,water_fixed,1,RF3_ES,3,2.3442256761625755,0.18708490072681055,2.0113348480008524,1.8861986377395972,8.113813725220828,6.766717546543426,1.4789106340020726,5.341353642409406,5.087785280602007,78.0452877694758,11.142144129910575,138.35912230446704,1.3265133568010208
water_fixed_seed1,water_fixed,1,RF3_ES,4,2.811668908357273,0.1260607168306066,1.9752054317971444,2.0114475500417552,12.945823262855088,6.171139760927446,2.214718168095604,8.942721458031397,8.919207127546748,99.08787547678848,19.127273633490063,47.85987327533965,1.3127656720012497
water_coordinate_free_seed1,water_coordinate_free,1,RFD3,,3.163703598991973,0.0019861730115925628,2.0571789739290445,2.2891058283015364,2.0748108559313607,5.567621106290696,2.261473328267135,2.1020888339507233,1.95813369517369,11.868913152018623,2.5740498095170965,111.22389700868608,1.3119651067792353
water_coordinate_free_seed1,water_coordinate_free,1,LigandMPNN,,3.163703598991973,0.0019861730115925628,2.0571789739290445,2.2891058283015364,2.0748108559313607,5.567621106290696,2.261473328267135,2.1020888339507233,1.95813369517369,11.868913152018623,2.5740498095170965,111.22389700868608,1.3119651067792353
water_coordinate_free_seed1,water_coordinate_free,1,RF3_ES,0,2.979584118878035,0.0635629619702707,2.0183469928943314,2.1472880234317473,2.332451788156457,5.770429596575152,2.263776471675677,6.585621223135182,5.112656025377313,53.48591350716226,7.7242271292921085,45.49605350196415,1.3265456101712942
water_coordinate_free_seed1,water_coordinate_free,1,RF3_ES,1,1.2570043108519566,0.1258393619426991,1.9835832841971017,2.0171816263635067,2.459846675747532,3.0807393251185906,1.9278321380688692,8.63983467228596,7.629959496460227,72.46064470570127,9.668545972502953,54.21581785150102,1.3523220275204009
water_coordinate_free_seed1,water_coordinate_free,1,RF3_ES,2,3.091833321827181,2.359227441029757,7.205977841342418,2.048469714269469,2.193754960311081,5.2709022903356475,2.749723029913132,5.504945164452536,4.138727410373746,31.5218808900727,7.822255317766229,61.58378814400954,1.3296081404568663
water_coordinate_free_seed1,water_coordinate_free,1,RF3_ES,3,0.6852787158526622,0.10365747198403016,2.0333343950862255,2.0437709271368063,2.4838588644379334,2.769071765263826,2.0883795287560423,9.190841960541496,8.750869891048533,72.642931959329,3.849856380295553,105.7112349433582,1.332217759783064
water_coordinate_free_seed1,water_coordinate_free,1,RF3_ES,4,1.868315700993237,0.1346393617684479,2.113699485008944,2.2126161637253703,2.3850802248247254,2.7157814800765565,2.5730305141914984,7.5970983238154295,7.8563419131099215,84.81712596530373,9.549858887302912,46.0959167017753,1.3265369329691687
water_fixed_seed2,water_fixed,2,RFD3,,0.00816150905965348,0.0019861730115925628,2.0571789739290445,2.2891058283015364,2.0748108559313607,2.6800889139940978,2.0454021716878352,2.1020888339507233,2.2693732464362544,86.47538505451952,2.5740498095170965,111.22389700868608,1.3119651067792353
water_fixed_seed2,water_fixed,2,LigandMPNN,,0.00816150905965348,0.0019861730115925628,2.0571789739290445,2.2891058283015364,2.0748108559313607,2.6800889139940978,2.0454021716878352,2.1020888339507233,2.2693732464362544,86.47538505451952,2.5740498095170965,111.22389700868608,1.3119651067792353
water_fixed_seed2,water_fixed,2,RF3_ES,0,3.690535364265016,0.2494965531622463,2.6700924627724585,2.293013827458793,12.25412804569415,6.774267780252455,1.7913976525868018,8.395276379674115,8.49066880960434,69.38814961893091,15.218762378844819,85.22616988283592,1.288348042710286
water_fixed_seed2,water_fixed,2,RF3_ES,1,1.4584574178104575,0.259059981029833,2.2956893124428106,2.8685656895974847,14.527992504639917,3.384637448810441,2.324584884756445,4.366687996776614,4.607086199348943,31.959810337962306,13.994604390755077,130.04985755307874,1.306765597381262
water_fixed_seed2,water_fixed,2,RF3_ES,2,3.5203187374944287,0.10759116355972999,2.1674235825252923,2.0492342579792737,25.805957213999648,7.174479639207633,1.8966978974421453,10.657606264153294,9.254411040726934,130.0468126750514,13.418212630138902,60.41642823676442,1.3200042960989904
water_fixed_seed2,water_fixed,2,RF3_ES,3,2.08114152671953,0.19693453128889313,2.4224584797312874,2.4317353516592104,14.423473647602094,3.248226660304927,2.1079458970883382,9.141785196597057,8.440363237959936,152.97669641047025,19.000781082734935,114.5415129374169,1.3162226243052728
water_fixed_seed2,water_fixed,2,RF3_ES,4,2.9542918214066365,0.19736510954118627,2.4984982276254333,2.078364014804255,14.906714690209093,9.1555469676431,1.8880673291094314,6.589447794559014,5.349189832411402,101.08359213119124,11.811306958484302,93.11444832462041,0.8961556272012056
water_coordinate_free_seed2,water_coordinate_free,2,RFD3,,1.369575035856252,0.0019861730115925628,2.0571789739290445,2.2891058283015364,2.0748108559313607,4.019918455405533,1.2308919599283519,2.1020888339507233,1.9451219015122991,53.63671587120423,2.5740498095170965,111.22389700868608,1.3119651067792353
water_coordinate_free_seed2,water_coordinate_free,2,LigandMPNN,,1.369575035856252,0.0019861730115925628,2.0571789739290445,2.2891058283015364,2.0748108559313607,4.019918455405533,1.2308919599283519,2.1020888339507233,1.9451219015122991,53.63671587120423,2.5740498095170965,111.22389700868608,1.3119651067792353
water_coordinate_free_seed2,water_coordinate_free,2,RF3_ES,0,2.9653602425548495,0.07099563806946567,2.1640672533639673,2.17897498865137,27.30464411779738,6.293201738461715,2.201210041805682,22.272850078497466,19.516226018191347,140.40509811925926,16.492465249832335,102.15362576056805,1.313686988992511
water_coordinate_free_seed2,water_coordinate_free,2,RF3_ES,1,3.6829156597007655,2.5731787380278335,1.8125850795511573,7.934111762935917,18.93926457164398,10.965364858533404,2.0197315582807978,10.790781863683627,11.360454407300603,94.14939512609288,21.42837321405755,25.1890524840234,1.3058429891147794
water_coordinate_free_seed2,water_coordinate_free,2,RF3_ES,2,4.70733760979632,5.115538242967319,13.883778967063948,2.2199101209412673,19.877815986202158,15.228101815355007,2.0610377509420834,4.9336611365909615,4.657875509539692,82.93896557851245,23.741002060085226,29.457481031997883,1.3034977441782933
water_coordinate_free_seed2,water_coordinate_free,2,RF3_ES,3,15.19057987859325,10.869024877932034,27.641183862286123,19.591829933327826,23.967246855586126,22.00792972867065,1.1457105293774392,14.044427707482543,14.79170406584376,80.3768640734584,13.593869958376066,157.4797973297747,1.2908706691211356
water_coordinate_free_seed2,water_coordinate_free,2,RF3_ES,4,6.6003427837865445,9.217538489640075,22.536068421567705,2.8408045222966636,12.968667008501487,16.630903799856785,2.4372380239613882,7.916452353064549,8.085370122425454,162.52568068380714,4.960064468309345,95.58840136771585,1.3234334728400785
water_fixed_seed3,water_fixed,3,RFD3,,0.00816150905965348,0.0019861730115925628,2.0571789739290445,2.2891058283015364,2.0748108559313607,2.6800889139940978,2.0454021716878352,2.1020888339507233,2.2693732464362544,86.47538505451952,2.5740498095170965,111.22389700868608,1.3119651067792353
water_fixed_seed3,water_fixed,3,LigandMPNN,,0.00816150905965348,0.0019861730115925628,2.0571789739290445,2.2891058283015364,2.0748108559313607,2.6800889139940978,2.0454021716878352,2.1020888339507233,2.2693732464362544,86.47538505451952,2.5740498095170965,111.22389700868608,1.3119651067792353
water_fixed_seed3,water_fixed,3,RF3_ES,0,0.4051213101424478,0.09654472475868932,2.023883321479982,2.103656385080275,2.4755827980952207,2.839129097562764,2.1634875666604794,3.739935066399735,3.4686937628952474,82.81553688838318,7.137143913655658,90.0427433197243,1.322573034310781
water_fixed_seed3,water_fixed,3,RF3_ES,1,0.345182912045562,0.10694566660003307,1.9908203258355537,2.072979744564841,2.5297131644419957,2.848886862958833,2.196848941126234,3.7209025681643664,3.353064156050119,84.54053791584181,13.55691213932325,51.45983132358469,1.3163031093992565
water_fixed_seed3,water_fixed,3,RF3_ES,2,0.4371188831061184,0.10602227149489314,2.029172080080786,2.089862712635828,2.718620158464553,3.022208232326062,2.236901475767181,3.9155272830584704,3.614337481695607,90.18831092641321,8.30507837017906,69.51854799142612,1.3159905963103384
water_fixed_seed3,water_fixed,3,RF3_ES,3,0.3272696110434584,0.10283538677741935,2.0523559473291244,2.07741552261638,2.3700914935901785,2.618769559505569,2.118093731853709,7.207016083388667,6.263751851932024,102.9148403713959,8.707780993361077,109.48137229887328,1.3155378874461565
water_fixed_seed3,water_fixed,3,RF3_ES,4,0.3930309981985927,0.1090461903452994,2.0271794424368825,2.1032630646129733,2.5077802449397275,3.0037212495492494,2.187994353674341,3.573530460393199,3.4661209650530322,84.29160466473532,7.918037759729323,72.5575828677759,1.3226428274042885
water_coordinate_free_seed3,water_coordinate_free,3,RFD3,,1.626449622855371,0.0019861730115925628,2.0571789739290445,2.2891058283015364,2.0748108559313607,4.097645871819951,0.7459797281612025,2.1020888339507233,2.1640758074733712,44.871620144112356,2.5740498095170965,111.22389700868608,1.3119651067792353
water_coordinate_free_seed3,water_coordinate_free,3,LigandMPNN,,1.626449622855371,0.0019861730115925628,2.0571789739290445,2.2891058283015364,2.0748108559313607,4.097645871819951,0.7459797281612025,2.1020888339507233,2.1640758074733712,44.871620144112356,2.5740498095170965,111.22389700868608,1.3119651067792353
water_coordinate_free_seed3,water_coordinate_free,3,RF3_ES,0,2.40942611251788,0.08651167557109105,2.2020206926710024,2.1680872712268413,6.213713471334796,5.596616941606603,2.02191732166489,3.308443420644642,3.0836561767597597,21.565317634026464,7.168564489793816,162.74844224915603,1.3288878661218486
water_coordinate_free_seed3,water_coordinate_free,3,RF3_ES,1,0.8062985176214245,0.08516452714530814,2.152077764624638,2.102545064424912,6.025065492456288,3.2272957867025776,2.079668337220866,8.589070679893267,8.437080073748062,76.18385969701858,7.10134595853755,134.41569079907293,1.2928992865601234
water_coordinate_free_seed3,water_coordinate_free,3,RF3_ES,2,2.0793346103500734,0.09115356788444923,2.0874797755523766,2.1029959184032365,6.239202070041424,5.5301403578815025,1.87579010306867,3.644420480416001,3.0432704587854214,37.62302480521558,7.50894716346054,174.7689617526369,1.318077009998122
water_coordinate_free_seed3,water_coordinate_free,3,RF3_ES,3,0.8873236224921252,0.14609535703490192,2.2615542510230684,1.9968480551794197,7.868118726878247,2.8396208901681876,2.232027826710038,7.7226964839486225,7.875297584651685,87.65527832848099,17.672259189868054,48.671465920496345,1.3209190135648892
water_coordinate_free_seed3,water_coordinate_free,3,RF3_ES,4,2.1866787207189815,0.09794692754024306,2.2713188014574412,2.1778942623926865,7.017738742799416,6.227096301150179,1.999062624352963,3.6938315175116907,3.4313347673876438,32.909586928493276,14.705994142824823,69.75057346076548,1.3254743547070302
