candidate,arm,rfd3_seed,state,rf3_seed,sample,status,structure_sha256,structure_in_bundle,enzyme_CA_rmsd_to_scaffold_A,native_RF3_overall_plddt,native_RF3_ptm,native_RF3_iptm,native_RF3_ranking_score,native_RF3_has_clash,source_water_recovery_error_A,three_anchor_fit_rmsd_A,Zn_H36_NE2_A,Zn_H40_NE2_A,Zn_E152_min_A,E37_water_min_A,Zn_water_A,Zn_G7_O_A,water_G7_C_A,water_G7_C_G7_O_degrees,Y115_OH_G7_O_A,Y115_CZ_OH_G7_O_degrees,G7_C_M8_N_A,nearest_amide_to_Zn,Zn_A1-L2_carbonyl_O_A,Zn_L2-Q3_carbonyl_O_A,Zn_Q3-S4_carbonyl_O_A,Zn_S4-S5_carbonyl_O_A,Zn_S5-W6_carbonyl_O_A,Zn_W6-G7_carbonyl_O_A,Zn_G7-M8_carbonyl_O_A,Zn_M8-M9_carbonyl_O_A,Zn_M9-G10_carbonyl_O_A,Zn_G10-M11_carbonyl_O_A,Zn_M11-L12_carbonyl_O_A
water_fixed_seed0,water_fixed,0,monomer,0,0,measured,0cdd1172c37442671451900b4500ce3844fbccdc2c76f2145e722a3798f7b3f5,runtime/experiment/rf3/predictions/water_fixed_seed0_monomer/seed-0_sample-0/water_fixed_seed0_monomer_seed-0_sample-0_model.cif,17.398202324279247,0.677,0.36673691868782043,0.0,0.0733,False,,,,,,,,,,,,,,,,,,,,,,,,,
water_fixed_seed0,water_fixed,0,monomer,0,1,measured,96d271dc58b40952e99599413515979e619685c8e88b2dc97b3dbcf011999fa8,runtime/experiment/rf3/predictions/water_fixed_seed0_monomer/seed-0_sample-1/water_fixed_seed0_monomer_seed-0_sample-1_model.cif,14.085687356813823,0.677,0.3647899925708771,0.0,0.073,False,,,,,,,,,,,,,,,,,,,,,,,,,
water_fixed_seed0,water_fixed,0,monomer,0,2,measured,ad26c8339ed8b3b2ed47facc53354ef212186cb6c28574395ee220ad9c2f3a31,runtime/experiment/rf3/predictions/water_fixed_seed0_monomer/seed-0_sample-2/water_fixed_seed0_monomer_seed-0_sample-2_model.cif,14.742224113224966,0.6769,0.363172322511673,0.0,0.0726,False,,,,,,,,,,,,,,,,,,,,,,,,,
water_fixed_seed0,water_fixed,0,monomer,0,3,measured,5081f2b44a498a653cfd9da5d7c9042817ef964835964435084e5c88685849a9,runtime/experiment/rf3/predictions/water_fixed_seed0_monomer/seed-0_sample-3/water_fixed_seed0_monomer_seed-0_sample-3_model.cif,15.588595841593195,0.6768,0.36075854301452637,0.0,0.0722,False,,,,,,,,,,,,,,,,,,,,,,,,,
water_fixed_seed0,water_fixed,0,monomer,0,4,measured,ea3cbf8635d71b362c05be24e891f91b8fd9866e66812398f5360eb2fcff6c03,runtime/experiment/rf3/predictions/water_fixed_seed0_monomer/seed-0_sample-4/water_fixed_seed0_monomer_seed-0_sample-4_model.cif,15.211278157897926,0.6769,0.3654618263244629,0.0,0.0731,False,,,,,,,,,,,,,,,,,,,,,,,,,
water_fixed_seed0,water_fixed,0,ES,0,0,measured,dd18522f60d03d4bf6ca843e1c9cfa47e95e28fc0819bbfb172607688d92b56d,runtime/experiment/rf3/predictions/water_fixed_seed0_ES/seed-0_sample-0/water_fixed_seed0_ES_seed-0_sample-0_model.cif,12.144323730407605,0.7485,0.6598504781723022,0.5411478281021118,0.5649,False,0.47259675102769244,0.1730785488535788,1.9849598564021433,1.996424309767986,2.164236350401966,2.6120133352074517,1.9096172155270086,10.983769578607392,10.532892889209126,68.95040314686074,23.53728889817649,55.73005375662129,1.291169244827169,S4-S5,11.639042508862932,8.222474416494672,6.594281241360859,5.396216070861341,6.127589052596529,9.142243970524586,10.983769578607392,14.830621667999548,17.646988279795266,16.861767571831678,20.986057093025092
water_fixed_seed0,water_fixed,0,ES,0,1,measured,3c6b18c04f9ebfed75ce8118680e17fb7f7eafe29aa39e13fa2b78175309a826,runtime/experiment/rf3/predictions/water_fixed_seed0_ES/seed-0_sample-1/water_fixed_seed0_ES_seed-0_sample-1_model.cif,12.933598428123112,0.7482,0.661555826663971,0.5553744435310364,0.5766,False,2.4806083219559576,0.1607053289098315,1.9203406909933836,1.9636656869354212,2.088233796196136,4.982466308583507,1.8122470589542892,3.5149026159958514,2.3572557777957965,64.71790204078185,7.925639322181324,117.2292105781387,1.328389975230408,G7-M8,16.487388666596512,13.492667870344322,10.911923806360344,7.923788680460208,4.115453355299692,4.524190500053195,3.5149026159958514,6.993826208687893,9.709221730638147,11.995130260260481,11.748655152349395
water_fixed_seed0,water_fixed,0,ES,0,2,measured,fcbac2333dfcc2dda3300341ea15aca55116327c08984ec45e7c7e56b590fa70,runtime/experiment/rf3/predictions/water_fixed_seed0_ES/seed-0_sample-2/water_fixed_seed0_ES_seed-0_sample-2_model.cif,10.600718431466127,0.7479,0.6562901735305786,0.5400919914245605,0.5633,False,2.5611618914054533,0.148640328395541,1.9440826205389892,2.068744499156065,2.359393376241434,4.257426624299674,2.3463438358379007,11.583452706176995,8.373132407033673,134.871362465548,19.689053153167773,157.90408884984762,1.293974995066085,Q3-S4,10.312386723160978,7.1881029770610265,4.3505119706482756,5.745533627459385,6.600619010267696,8.316880294017087,11.583452706176995,11.912995248236543,11.110457733735798,11.84580420815008,11.062902207482706
water_fixed_seed0,water_fixed,0,ES,0,3,measured,700cf9dd9f85c6129f161e2e2f58d18a38d32e7d28e13cd064fcd4405aa5bcf3,runtime/experiment/rf3/predictions/water_fixed_seed0_ES/seed-0_sample-3/water_fixed_seed0_ES_seed-0_sample-3_model.cif,12.915515303066808,0.748,0.6577092409133911,0.5443758964538574,0.567,False,1.3476274538205042,0.08786782263624286,2.026099657580791,2.0995925578660946,2.3019918263586234,2.8158392277650446,1.9423834749271824,8.714376709967866,6.81951305645422,160.82126420639977,15.546500686229349,146.8089605840546,1.3262177507037436,S5-W6,12.977629243767074,10.425761473561217,7.617398307023319,6.273386923930705,4.001265551457972,6.3013372899057405,8.714376709967866,7.1548395999510515,10.336216261365042,9.807250416615569,11.653288163621077
water_fixed_seed0,water_fixed,0,ES,0,4,measured,6fbb052486e35b1b36d2a64a2497f8c073150228e917ad260414fcf17711c5d1,runtime/experiment/rf3/predictions/water_fixed_seed0_ES/seed-0_sample-4/water_fixed_seed0_ES_seed-0_sample-4_model.cif,13.190253526462774,0.7481,0.6598284244537354,0.5518906712532043,0.5735,False,0.5627600849405825,0.13106545004858786,2.0187922658028596,1.9999536901146329,2.4167874431160903,2.8753089617832703,1.7193482696019042,5.846407148365919,6.086129154060176,80.6880928506908,9.281991122222461,106.5451638968409,1.3062634472297276,S5-W6,15.482015560627028,12.050894881186318,8.583454141092469,6.834915217612732,2.179356329783288,5.317507878410076,5.846407148365919,8.798206011768153,6.857852484354949,8.11244759049341,8.992393171549857
water_coordinate_free_seed0,water_coordinate_free,0,monomer,0,0,measured,87fa5cf3a226a9cf69833687b91871454ecc33276b843279e644c7d1ecb3d652,runtime/experiment/rf3/predictions/water_coordinate_free_seed0_monomer/seed-0_sample-0/water_coordinate_free_seed0_monomer_seed-0_sample-0_model.cif,11.222042728357254,0.7382,0.6455659866333008,0.0,0.1291,False,,,,,,,,,,,,,,,,,,,,,,,,,
water_coordinate_free_seed0,water_coordinate_free,0,monomer,0,1,measured,6757d84efaae36a25fe51eae2074c6d6b2aaab002c762341f12bd73c6478bc78,runtime/experiment/rf3/predictions/water_coordinate_free_seed0_monomer/seed-0_sample-1/water_coordinate_free_seed0_monomer_seed-0_sample-1_model.cif,10.60305667193544,0.7384,0.6466946005821228,0.0,0.1293,False,,,,,,,,,,,,,,,,,,,,,,,,,
water_coordinate_free_seed0,water_coordinate_free,0,monomer,0,2,measured,5e95db74512fc61bc45c0d79ad0698636add4cb36eac88bcadf3352ec452263a,runtime/experiment/rf3/predictions/water_coordinate_free_seed0_monomer/seed-0_sample-2/water_coordinate_free_seed0_monomer_seed-0_sample-2_model.cif,7.27836191228948,0.7382,0.6443443298339844,0.0,0.1289,False,,,,,,,,,,,,,,,,,,,,,,,,,
water_coordinate_free_seed0,water_coordinate_free,0,monomer,0,3,measured,c7874f3c844b5a6cf5bcf1ac10d8994f8359a84d19eaac8f5671eb874c9bc5b7,runtime/experiment/rf3/predictions/water_coordinate_free_seed0_monomer/seed-0_sample-3/water_coordinate_free_seed0_monomer_seed-0_sample-3_model.cif,9.887371964643304,0.7382,0.6446419954299927,0.0,0.1289,False,,,,,,,,,,,,,,,,,,,,,,,,,
water_coordinate_free_seed0,water_coordinate_free,0,monomer,0,4,measured,5d811849cb35edb94a8ff368c07aa2a41192311a81ccb94b96101abf2b71908d,runtime/experiment/rf3/predictions/water_coordinate_free_seed0_monomer/seed-0_sample-4/water_coordinate_free_seed0_monomer_seed-0_sample-4_model.cif,12.824438090345232,0.7383,0.6409122943878174,0.0,0.1282,False,,,,,,,,,,,,,,,,,,,,,,,,,
water_coordinate_free_seed0,water_coordinate_free,0,ES,0,0,measured,0c1183fbe60cc55e66bf6469dfc2b1b1f06960f911d6d7d734ff0bec3786ec5f,runtime/experiment/rf3/predictions/water_coordinate_free_seed0_ES/seed-0_sample-0/water_coordinate_free_seed0_ES_seed-0_sample-0_model.cif,9.89580600173251,0.7671,0.7089714407920837,0.5820034146308899,0.6074,False,0.5521181199712789,0.0974455390841408,2.068652157736654,2.0702026969088894,2.365361051955818,3.3291989162251756,1.620787132308077,10.128227427287444,11.786785213472308,50.9327008499913,12.420260782615031,21.662941144549354,1.293652237454699,S4-S5,10.404677904231745,6.106141730973231,6.133387276389547,3.0364073152343662,7.345432975585508,9.538173310419284,10.128227427287444,11.981881656885792,9.679476857892094,7.02752919416969,5.323883297021834
water_coordinate_free_seed0,water_coordinate_free,0,ES,0,1,measured,dd1bedd21cfdd2f00ebe5f29bf735c51d1ba54c83e7bbbea4a301c7bd27a75d6,runtime/experiment/rf3/predictions/water_coordinate_free_seed0_ES/seed-0_sample-1/water_coordinate_free_seed0_ES_seed-0_sample-1_model.cif,9.991181492092473,0.7675,0.7089876532554626,0.5816081166267395,0.6071,False,0.27536838739121655,0.12205877615785518,2.004024770483567,2.048491034510872,2.366516328564572,2.087874804865996,2.2430366422571826,6.508447732840818,7.3693422929316785,104.79906506435502,6.40610763314012,18.528901070725027,1.3011715556146441,M9-G10,17.291641613579042,14.43406390620817,11.914194408104802,10.65863682303609,6.137386669143136,4.597948544968245,6.508447732840818,5.501146930622414,2.4702476342883766,5.314275315464769,7.888879861417961
water_coordinate_free_seed0,water_coordinate_free,0,ES,0,2,measured,bb94b184c08adb7ee9708e000247daab73431d3be3d94cb8bfe9532c80d24f9e,runtime/experiment/rf3/predictions/water_coordinate_free_seed0_ES/seed-0_sample-2/water_coordinate_free_seed0_ES_seed-0_sample-2_model.cif,10.059252192737535,0.7673,0.7096338868141174,0.5848191976547241,0.6098,False,0.8419865876098616,0.09142117118332671,2.077400896305658,2.098868214206251,2.3414201664870475,2.461308793184481,1.7773767913558747,10.929065223777876,11.518269642040833,37.41261832087536,12.554191517430345,46.501215359992635,1.32763827658786,M11-L12,17.394149171701425,14.417671000660796,11.27639685910745,9.681611123967574,8.208104644657967,10.81316501289853,10.929065223777876,12.730384120304917,9.53393965912833,8.539835142538939,4.824110337538481
water_coordinate_free_seed0,water_coordinate_free,0,ES,0,3,measured,c1fd92231297a7f6eed9f7948ae7428ee52c32dcdf66475df7c6be3d0a387535,runtime/experiment/rf3/predictions/water_coordinate_free_seed0_ES/seed-0_sample-3/water_coordinate_free_seed0_ES_seed-0_sample-3_model.cif,10.770144060242407,0.7675,0.7104855179786682,0.5868671536445618,0.6116,False,0.44462674486135434,0.06259000941213,2.0644997495840745,2.1681575873139174,2.5921428639824398,2.6757108711825777,1.9841037581753145,9.430546218084386,11.803340411668287,54.05412807794155,8.1872395165819,18.304745432178763,1.320938047609711,G10-M11,19.50568490941496,17.407673695879957,14.25039101635226,14.597617168037981,12.414751070596484,10.11403169020985,9.430546218084386,8.189364126509096,5.444852697099954,3.403902017725256,6.400748924006913
water_coordinate_free_seed0,water_coordinate_free,0,ES,0,4,measured,83007b06510cdc43dee64a1516a69dee5158f7cc1c962ac36bdfe0f29dc17a09,runtime/experiment/rf3/predictions/water_coordinate_free_seed0_ES/seed-0_sample-4/water_coordinate_free_seed0_ES_seed-0_sample-4_model.cif,9.704181739525344,0.7675,0.7095292806625366,0.5821807980537415,0.6077,False,0.7826698711637217,0.09179742878683282,2.033886917132772,2.083207568687843,2.472647037462242,2.3136858386354824,2.018312061204136,8.668319126005642,8.81058414773689,86.99657181379726,8.468637142993472,44.04395969813532,1.324685128843735,S5-W6,15.847526932372139,12.649496162878371,8.935587620530756,6.701525444593913,3.7887407760740874,5.885242143107838,8.668319126005642,11.486123255670403,9.583339714718557,10.478696480506688,14.290345540934746
water_fixed_seed1,water_fixed,1,monomer,0,0,measured,83d44591cf633974ec3eb005289f23dbb05fcc5f4e19ee47903d70b91ed5e133,runtime/experiment/rf3/predictions/water_fixed_seed1_monomer/seed-0_sample-0/water_fixed_seed1_monomer_seed-0_sample-0_model.cif,14.58753822563343,0.7194,0.4438273310661316,0.0,0.0888,False,,,,,,,,,,,,,,,,,,,,,,,,,
water_fixed_seed1,water_fixed,1,monomer,0,1,measured,3fc47f6463ddcf881894c82705b0be30d7efd3dc87ac680871355fb43f7b32af,runtime/experiment/rf3/predictions/water_fixed_seed1_monomer/seed-0_sample-1/water_fixed_seed1_monomer_seed-0_sample-1_model.cif,14.817531080354907,0.7194,0.4444805979728699,0.0,0.0889,False,,,,,,,,,,,,,,,,,,,,,,,,,
water_fixed_seed1,water_fixed,1,monomer,0,2,measured,3541e08a34e3d73c381e22c0a9cad7254d2c04f1ef70ec749e81080930610022,runtime/experiment/rf3/predictions/water_fixed_seed1_monomer/seed-0_sample-2/water_fixed_seed1_monomer_seed-0_sample-2_model.cif,15.199568386696347,0.7194,0.4446195662021637,0.0,0.0889,False,,,,,,,,,,,,,,,,,,,,,,,,,
water_fixed_seed1,water_fixed,1,monomer,0,3,measured,94e6b69bfc4b784564c53bdac09c4bb00dc8a288486d50ed9e395428ae47e1d1,runtime/experiment/rf3/predictions/water_fixed_seed1_monomer/seed-0_sample-3/water_fixed_seed1_monomer_seed-0_sample-3_model.cif,14.596139218554404,0.7191,0.44108980894088745,0.0,0.0882,False,,,,,,,,,,,,,,,,,,,,,,,,,
water_fixed_seed1,water_fixed,1,monomer,0,4,measured,ffaaedc45b00ebc030505ee4038e23af67fcd23e0189d00c24b4b2ad3128f0a8,runtime/experiment/rf3/predictions/water_fixed_seed1_monomer/seed-0_sample-4/water_fixed_seed1_monomer_seed-0_sample-4_model.cif,13.547361213908944,0.7193,0.44083505868911743,0.0,0.0882,False,,,,,,,,,,,,,,,,,,,,,,,,,
water_fixed_seed1,water_fixed,1,ES,0,0,measured,2d241847a7f5feddb0fa459c82c20baf5cae995c347d5858bf46ceda113bf928,runtime/experiment/rf3/predictions/water_fixed_seed1_ES/seed-0_sample-0/water_fixed_seed1_ES_seed-0_sample-0_model.cif,13.56933237862515,0.7317,0.38790103793144226,0.3499656617641449,0.3576,False,1.754598652046268,0.2009344549706569,2.0051469547451375,2.01734406464386,27.541000672314123,8.909403312127955,1.815009035752639,4.686915383645916,4.209507970018197,68.05780189514925,15.163691169900748,144.2878611432421,1.2896624384134439,G7-M8,18.59062832817057,16.20368098504659,12.202292416538388,10.026419407128936,6.617004431720726,5.543661315764027,4.686915383645916,5.925834744018947,8.50909935353978,10.527365075253197,12.245117961020586
water_fixed_seed1,water_fixed,1,ES,0,1,measured,0b26c276e9af59316ab4e590315091a2cc036862136350a9b0dd1929fff32beb,runtime/experiment/rf3/predictions/water_fixed_seed1_ES/seed-0_sample-1/water_fixed_seed1_ES_seed-0_sample-1_model.cif,12.440093732055658,0.7317,0.3846431374549866,0.34003278613090515,0.349,False,0.9853666292926081,0.1870332575553165,1.9864426909044897,1.8616469881761109,22.81382229291888,4.9213803696659415,2.0026872225796883,13.530616046973856,12.711876448617899,65.84190837494471,22.042293245177405,69.86526454920038,1.3265203816915045,S4-S5,12.174198399011166,9.254433931014463,7.591706485848452,6.666672214681023,9.213874677510722,11.843860222813547,13.530616046973856,18.105686785874163,19.467044451377564,22.28966875340811,25.037352228467498
water_fixed_seed1,water_fixed,1,ES,0,2,measured,2269ecbd9783e4a3914f814e77a6a194a4140a611b9237b67d22d089bffeabed,runtime/experiment/rf3/predictions/water_fixed_seed1_ES/seed-0_sample-2/water_fixed_seed1_ES_seed-0_sample-2_model.cif,11.420291067565175,0.7314,0.3799264132976532,0.3362356424331665,0.345,False,1.1916992287547237,0.12475704810144321,2.1089605385243178,2.0102687537499064,22.76202340114521,4.506802495288064,1.8899231779905121,16.4947313763604,16.17887160959709,72.15838000296807,8.598545201611755,139.40446791295247,1.3346962991758804,L2-Q3,12.447415038701509,8.767133649372019,9.355136467783455,9.386438460332682,10.72866808247403,14.543109480657543,16.4947313763604,21.01598700284348,22.790543989650445,21.095810646138133,25.55240651219987
water_fixed_seed1,water_fixed,1,ES,0,3,measured,2aba15d2be6bfe4ffb7d809b044f7573b34ff80fe9c7f88967a372b0287e7ab7,runtime/experiment/rf3/predictions/water_fixed_seed1_ES/seed-0_sample-3/water_fixed_seed1_ES_seed-0_sample-3_model.cif,15.288830985350282,0.7313,0.3916556239128113,0.347074031829834,0.356,False,2.3442256761625755,0.18708490072681055,2.0113348480008524,1.8861986377395972,8.113813725220828,6.766717546543426,1.4789106340020726,5.341353642409406,5.087785280602007,78.0452877694758,11.142144129910575,138.35912230446704,1.3265133568010208,M9-G10,22.247005080927686,21.17007784703403,16.646114134250208,15.186586977131164,11.034431358429925,8.924638190597076,5.341353642409406,4.838968006937784,3.8037113511835465,7.510684991126449,10.432101361681907
water_fixed_seed1,water_fixed,1,ES,0,4,measured,26c93373b312b5982d3d721d5b5384af3a1febe53d1e230c9d8b7cb6c992bd3e,runtime/experiment/rf3/predictions/water_fixed_seed1_ES/seed-0_sample-4/water_fixed_seed1_ES_seed-0_sample-4_model.cif,10.906260162369806,0.7313,0.380542516708374,0.34064871072769165,0.3486,False,2.811668908357273,0.1260607168306066,1.9752054317971444,2.0114475500417552,12.945823262855088,6.171139760927446,2.214718168095604,8.942721458031397,8.919207127546748,99.08787547678848,19.127273633490063,47.85987327533965,1.3127656720012497,G10-M11,26.279657925091833,24.455149777762863,20.635536100084753,18.024620540206975,14.353483490952042,11.41233230551524,8.942721458031397,6.46283189050936,6.237720060116841,6.171894407445368,9.37560294725243
water_coordinate_free_seed1,water_coordinate_free,1,monomer,0,0,measured,f2f06ed0d1745908885c626b9713cb10879b4d2d7c02d37b908b139e28847f65,runtime/experiment/rf3/predictions/water_coordinate_free_seed1_monomer/seed-0_sample-0/water_coordinate_free_seed1_monomer_seed-0_sample-0_model.cif,7.448982590139181,0.7532,0.7197107076644897,0.0,0.1439,False,,,,,,,,,,,,,,,,,,,,,,,,,
water_coordinate_free_seed1,water_coordinate_free,1,monomer,0,1,measured,a4ed9488b8d6b8078b282045654e2f2563753a8ca4e07386674c35d9c0291059,runtime/experiment/rf3/predictions/water_coordinate_free_seed1_monomer/seed-0_sample-1/water_coordinate_free_seed1_monomer_seed-0_sample-1_model.cif,6.3463518372642,0.7529,0.7206546664237976,0.0,0.1441,False,,,,,,,,,,,,,,,,,,,,,,,,,
water_coordinate_free_seed1,water_coordinate_free,1,monomer,0,2,measured,261b35ca90d8fb74d10eaa38f3219c989cf1d01351a3d0dcde08781936f56d85,runtime/experiment/rf3/predictions/water_coordinate_free_seed1_monomer/seed-0_sample-2/water_coordinate_free_seed1_monomer_seed-0_sample-2_model.cif,6.284204244062096,0.753,0.721427857875824,0.0,0.1443,False,,,,,,,,,,,,,,,,,,,,,,,,,
water_coordinate_free_seed1,water_coordinate_free,1,monomer,0,3,measured,e25b357ac56bed7c669d8dce9c7c75c354f9b94f5aa0805eb874c0e8bde21677,runtime/experiment/rf3/predictions/water_coordinate_free_seed1_monomer/seed-0_sample-3/water_coordinate_free_seed1_monomer_seed-0_sample-3_model.cif,6.225503503902308,0.7531,0.7213634252548218,0.0,0.1443,False,,,,,,,,,,,,,,,,,,,,,,,,,
water_coordinate_free_seed1,water_coordinate_free,1,monomer,0,4,measured,1aca7e0de3df84cfd426a50c0f8a1070106978596b60c5b1f33018d0d1116ce5,runtime/experiment/rf3/predictions/water_coordinate_free_seed1_monomer/seed-0_sample-4/water_coordinate_free_seed1_monomer_seed-0_sample-4_model.cif,6.306929127583938,0.7531,0.7214014530181885,0.0,0.1443,False,,,,,,,,,,,,,,,,,,,,,,,,,
water_coordinate_free_seed1,water_coordinate_free,1,ES,0,0,measured,1b5406f68ac46d20e98d9d3767244d7452dc68f951b58b98a69c5cea091a484a,runtime/experiment/rf3/predictions/water_coordinate_free_seed1_ES/seed-0_sample-0/water_coordinate_free_seed1_ES_seed-0_sample-0_model.cif,2.617112991419657,0.8135,0.8471576571464539,0.8775465488433838,0.8715,False,2.979584118878035,0.0635629619702707,2.0183469928943314,2.1472880234317473,2.332451788156457,5.770429596575152,2.263776471675677,6.585621223135182,5.112656025377313,53.48591350716226,7.7242271292921085,45.49605350196415,1.3265456101712942,S5-W6,16.458404080300017,15.33228332631197,11.151537332090301,9.769493299328362,6.046014932004687,7.419416210819868,6.585621223135182,10.151603922953239,11.664551624272708,15.999223760067858,18.707063426542053
water_coordinate_free_seed1,water_coordinate_free,1,ES,0,1,measured,f9dc23e9f0658f512e71e2a264ef69ffd4ea620d838834580a67d552d0c4302d,runtime/experiment/rf3/predictions/water_coordinate_free_seed1_ES/seed-0_sample-1/water_coordinate_free_seed1_ES_seed-0_sample-1_model.cif,2.3085324059631036,0.8136,0.847557544708252,0.8776593208312988,0.8716,False,1.2570043108519566,0.1258393619426991,1.9835832841971017,2.0171816263635067,2.459846675747532,3.0807393251185906,1.9278321380688692,8.63983467228596,7.629959496460227,72.46064470570127,9.668545972502953,54.21581785150102,1.3523220275204009,S5-W6,11.571955487607388,11.859767309538011,7.60436612387188,6.684213063881603,3.3129460474362795,7.229340025010047,8.63983467228596,11.575057067374448,14.006962932922354,16.129347854266232,19.73426669954634
water_coordinate_free_seed1,water_coordinate_free,1,ES,0,2,measured,30bc62a334120378b6cfa682d4143154b2546f7ef46d12c2326d153e3451bfab,runtime/experiment/rf3/predictions/water_coordinate_free_seed1_ES/seed-0_sample-2/water_coordinate_free_seed1_ES_seed-0_sample-2_model.cif,2.067178509029204,0.8136,0.8475661873817444,0.8779685497283936,0.8719,False,3.091833321827181,2.359227441029757,7.205977841342418,2.048469714269469,2.193754960311081,5.2709022903356475,2.749723029913132,5.504945164452536,4.138727410373746,31.5218808900727,7.822255317766229,61.58378814400954,1.3296081404568663,G7-M8,17.052150752618086,15.993941702196379,12.160254881355929,10.185603305385847,6.301882953127223,6.556586964464835,5.504945164452536,9.543665983697098,11.245386139080312,15.483299281973705,18.375802538699304
water_coordinate_free_seed1,water_coordinate_free,1,ES,0,3,measured,752421b6531059d1e03733a913b196f42bf73d771b9c2871cc3a3379d3f617e9,runtime/experiment/rf3/predictions/water_coordinate_free_seed1_ES/seed-0_sample-3/water_coordinate_free_seed1_ES_seed-0_sample-3_model.cif,5.034094874903883,0.8137,0.84489506483078,0.8767931461334229,0.8704,False,0.6852787158526622,0.10365747198403016,2.0333343950862255,2.0437709271368063,2.4838588644379334,2.769071765263826,2.0883795287560423,9.190841960541496,8.750869891048533,72.642931959329,3.849856380295553,105.7112349433582,1.332217759783064,S5-W6,9.848505588163576,10.3981881223286,7.330464768472671,6.959372046194915,4.543889506372909,8.034915633816842,9.190841960541496,12.853097966393436,15.849875925221205,16.501449352464387,19.91126762797623
water_coordinate_free_seed1,water_coordinate_free,1,ES,0,4,measured,fde3b353708191dc0f37a843d87309f1d4419cd5e942386f73443f5c03f55611,runtime/experiment/rf3/predictions/water_coordinate_free_seed1_ES/seed-0_sample-4/water_coordinate_free_seed1_ES_seed-0_sample-4_model.cif,2.619543907939161,0.8136,0.8472153544425964,0.877207338809967,0.8712,False,1.868315700993237,0.1346393617684479,2.113699485008944,2.2126161637253703,2.3850802248247254,2.7157814800765565,2.5730305141914984,7.5970983238154295,7.8563419131099215,84.81712596530373,9.549858887302912,46.0959167017753,1.3265369329691687,S5-W6,13.873295830366148,13.669808053562608,9.328185738214732,8.212030117435637,5.081761028465454,7.001443926790379,7.5970983238154295,11.170619534552802,13.03608736872586,17.093470309485614,19.83696472839203
water_fixed_seed2,water_fixed,2,monomer,0,0,measured,94d75685022d2db09145552bc184a04dd161a55119dddebbdb46503ef74c974e,runtime/experiment/rf3/predictions/water_fixed_seed2_monomer/seed-0_sample-0/water_fixed_seed2_monomer_seed-0_sample-0_model.cif,16.902353156889745,0.7031,0.304802268743515,0.0,0.061,False,,,,,,,,,,,,,,,,,,,,,,,,,
water_fixed_seed2,water_fixed,2,monomer,0,1,measured,e03dbe399bfc7963380adc64f9d520a72efbbeb78bce16262dfc10739f3dc921,runtime/experiment/rf3/predictions/water_fixed_seed2_monomer/seed-0_sample-1/water_fixed_seed2_monomer_seed-0_sample-1_model.cif,17.361181770330695,0.7032,0.3080638647079468,0.0,0.0616,False,,,,,,,,,,,,,,,,,,,,,,,,,
water_fixed_seed2,water_fixed,2,monomer,0,2,measured,cc0a811da3a9aeb954eba3e2f649bc40473791c345b7d9692113a2c4301d33fe,runtime/experiment/rf3/predictions/water_fixed_seed2_monomer/seed-0_sample-2/water_fixed_seed2_monomer_seed-0_sample-2_model.cif,17.877336561971966,0.7032,0.3094041049480438,0.0,0.0619,False,,,,,,,,,,,,,,,,,,,,,,,,,
water_fixed_seed2,water_fixed,2,monomer,0,3,measured,e0380cfed7a40717247f31b801d5042eb008df73d6fe3cb755d17cfe9b16eeba,runtime/experiment/rf3/predictions/water_fixed_seed2_monomer/seed-0_sample-3/water_fixed_seed2_monomer_seed-0_sample-3_model.cif,15.766440002420726,0.7033,0.3069610297679901,0.0,0.0614,False,,,,,,,,,,,,,,,,,,,,,,,,,
water_fixed_seed2,water_fixed,2,monomer,0,4,measured,af33d29035ab687b2c0a123d7389b16b4c3712cab1c07a3b8b9e9b1f7c946b3f,runtime/experiment/rf3/predictions/water_fixed_seed2_monomer/seed-0_sample-4/water_fixed_seed2_monomer_seed-0_sample-4_model.cif,15.322712621685403,0.7031,0.30633193254470825,0.0,0.0613,False,,,,,,,,,,,,,,,,,,,,,,,,,
water_fixed_seed2,water_fixed,2,ES,0,0,measured,5633e53004797629860cf6678f85c2a85d8ef58e8c4bb313c46a907b747ec395,runtime/experiment/rf3/predictions/water_fixed_seed2_ES/seed-0_sample-0/water_fixed_seed2_ES_seed-0_sample-0_model.cif,13.957338355629716,0.7155,0.412891685962677,0.4110677242279053,0.4114,False,3.690535364265016,0.2494965531622463,2.6700924627724585,2.293013827458793,12.25412804569415,6.774267780252455,1.7913976525868018,8.395276379674115,8.49066880960434,69.38814961893091,15.218762378844819,85.22616988283592,1.288348042710286,S5-W6,11.123911196158067,9.304216942345331,7.150815656527917,5.586331928673415,3.008991041164246,7.4788913855751895,8.395276379674115,12.860376071505808,14.954350967886592,18.724947001178226,19.87215253596931
water_fixed_seed2,water_fixed,2,ES,0,1,measured,0f38af310ac1115eb6ec28d2e1e5976b34271d3b1481bfb48e3e1b580eab469a,runtime/experiment/rf3/predictions/water_fixed_seed2_ES/seed-0_sample-1/water_fixed_seed2_ES_seed-0_sample-1_model.cif,15.46401128988232,0.7157,0.4103964567184448,0.40269750356674194,0.4042,False,1.4584574178104575,0.259059981029833,2.2956893124428106,2.8685656895974847,14.527992504639917,3.384637448810441,2.324584884756445,4.366687996776614,4.607086199348943,31.959810337962306,13.994604390755077,130.04985755307874,1.306765597381262,M9-G10,13.587325194233665,12.807791370266708,9.02761024646369,6.682433755320573,7.265640659432807,4.299679222899891,4.366687996776614,4.57331770120788,2.891837900112682,6.130876240275217,7.314031131742526
water_fixed_seed2,water_fixed,2,ES,0,2,measured,25a71cc481cd4da6ebf0667d88fbeb4af8e840491bf20d81121c46d9c220cfc4,runtime/experiment/rf3/predictions/water_fixed_seed2_ES/seed-0_sample-2/water_fixed_seed2_ES_seed-0_sample-2_model.cif,18.10219880697838,0.7153,0.41017675399780273,0.40106430649757385,0.4029,False,3.5203187374944287,0.10759116355972999,2.1674235825252923,2.0492342579792737,25.805957213999648,7.174479639207633,1.8966978974421453,10.657606264153294,9.254411040726934,130.0468126750514,13.418212630138902,60.41642823676442,1.3200042960989904,S4-S5,11.518605842096118,10.841777996524451,8.53893754298771,7.885446050120438,9.125649173097738,11.845939129106245,10.657606264153294,10.22335663240806,13.462299169035608,15.396518662639068,15.639291629088794
water_fixed_seed2,water_fixed,2,ES,0,3,measured,d6019a02ade9870f8ef235ff8ac67ffbaabe59c2f8731753e581e0685af793de,runtime/experiment/rf3/predictions/water_fixed_seed2_ES/seed-0_sample-3/water_fixed_seed2_ES_seed-0_sample-3_model.cif,15.591492394724337,0.7157,0.41343024373054504,0.39829304814338684,0.4013,False,2.08114152671953,0.19693453128889313,2.4224584797312874,2.4317353516592104,14.423473647602094,3.248226660304927,2.1079458970883382,9.141785196597057,8.440363237959936,152.97669641047025,19.000781082734935,114.5415129374169,1.3162226243052728,S5-W6,12.605696185304028,9.096681128980887,8.01264347199078,5.4135701317218805,3.9387168164976507,5.203580158976937,9.141785196597057,8.650451452664358,12.049661223698063,12.358253720577364,8.70073138133603
water_fixed_seed2,water_fixed,2,ES,0,4,measured,46f9ebf19f29848bbdf22932d1a20f37a71522e30af4cee31ad5cddc08476cbc,runtime/experiment/rf3/predictions/water_fixed_seed2_ES/seed-0_sample-4/water_fixed_seed2_ES_seed-0_sample-4_model.cif,16.75787727467848,0.7153,0.4093930125236511,0.4073818027973175,0.4078,False,2.9542918214066365,0.19736510954118627,2.4984982276254333,2.078364014804255,14.906714690209093,9.1555469676431,1.8880673291094314,6.589447794559014,5.349189832411402,101.08359213119124,11.811306958484302,93.11444832462041,0.8961556272012056,Q3-S4,5.607742411445681,8.553746414011131,4.746786364392153,6.595255876018437,5.148570736443314,7.684082988333124,6.589447794559014,5.6695490794804115,5.92063696609019,6.406921261925442,5.468801227199808
water_coordinate_free_seed2,water_coordinate_free,2,monomer,0,0,measured,22d087801f045de95e03b692d91935338f6ab5e3c3f0b73330b2a477222961d3,runtime/experiment/rf3/predictions/water_coordinate_free_seed2_monomer/seed-0_sample-0/water_coordinate_free_seed2_monomer_seed-0_sample-0_model.cif,17.941064474300273,0.669,0.288512647151947,0.0,0.0577,False,,,,,,,,,,,,,,,,,,,,,,,,,
water_coordinate_free_seed2,water_coordinate_free,2,monomer,0,1,measured,acef278a784b6f111a89d4179fac3cd6ee77610561be7827d80ee4bc7a2ec15b,runtime/experiment/rf3/predictions/water_coordinate_free_seed2_monomer/seed-0_sample-1/water_coordinate_free_seed2_monomer_seed-0_sample-1_model.cif,18.94689729184276,0.6689,0.28688064217567444,0.0,0.0574,False,,,,,,,,,,,,,,,,,,,,,,,,,
water_coordinate_free_seed2,water_coordinate_free,2,monomer,0,2,measured,935d10157eb6db649ab579e2547f19ecb79332c17fc3e042f29c599f1b815f4a,runtime/experiment/rf3/predictions/water_coordinate_free_seed2_monomer/seed-0_sample-2/water_coordinate_free_seed2_monomer_seed-0_sample-2_model.cif,19.589970910029677,0.6689,0.28434324264526367,0.0,0.0569,False,,,,,,,,,,,,,,,,,,,,,,,,,
water_coordinate_free_seed2,water_coordinate_free,2,monomer,0,3,measured,c4c707a85e7326a27a0847e8e53d72690044d2208afbb686dbd54b290d830927,runtime/experiment/rf3/predictions/water_coordinate_free_seed2_monomer/seed-0_sample-3/water_coordinate_free_seed2_monomer_seed-0_sample-3_model.cif,18.96978506086475,0.6689,0.2895316481590271,0.0,0.0579,False,,,,,,,,,,,,,,,,,,,,,,,,,
water_coordinate_free_seed2,water_coordinate_free,2,monomer,0,4,measured,b12b2ffcf3791b9e2315134ce184fac2c6d0604bf7ed4c4b669f74b22f230a03,runtime/experiment/rf3/predictions/water_coordinate_free_seed2_monomer/seed-0_sample-4/water_coordinate_free_seed2_monomer_seed-0_sample-4_model.cif,18.99826442199834,0.669,0.28828153014183044,0.0,0.0577,False,,,,,,,,,,,,,,,,,,,,,,,,,
water_coordinate_free_seed2,water_coordinate_free,2,ES,0,0,measured,8629a24ecac16c81cab9f80d4c0bcf6c721cf1b4462ba80dea3c40694aafb903,runtime/experiment/rf3/predictions/water_coordinate_free_seed2_ES/seed-0_sample-0/water_coordinate_free_seed2_ES_seed-0_sample-0_model.cif,16.411544299453222,0.6938,0.35716119408607483,0.3012327253818512,0.3124,False,2.9653602425548495,0.07099563806946567,2.1640672533639673,2.17897498865137,27.30464411779738,6.293201738461715,2.201210041805682,22.272850078497466,19.516226018191347,140.40509811925926,16.492465249832335,102.15362576056805,1.313686988992511,A1-L2,6.264810197627784,10.581004540127898,12.645396475121839,16.213981535628665,19.352991022867137,22.66974670424312,22.272850078497466,21.118455052944004,21.555560622577403,24.193648090449102,23.178245134632416
water_coordinate_free_seed2,water_coordinate_free,2,ES,0,1,measured,e779a146f2f23027e4a233123d6180037a1788c3b52a91f6f8917c105fdd342f,runtime/experiment/rf3/predictions/water_coordinate_free_seed2_ES/seed-0_sample-1/water_coordinate_free_seed2_ES_seed-0_sample-1_model.cif,16.910032923295713,0.6939,0.3557926118373871,0.3087253272533417,0.3181,False,3.6829156597007655,2.5731787380278335,1.8125850795511573,7.934111762935917,18.93926457164398,10.965364858533404,2.0197315582807978,10.790781863683627,11.360454407300603,94.14939512609288,21.42837321405755,25.1890524840234,1.3058429891147794,G10-M11,30.879934657918575,27.68937921151382,24.960115286735384,21.34088362959029,17.62915559007567,14.774015545689508,10.790781863683627,8.032268876395669,3.9377467726321997,3.667896501398517,5.653508608871773
water_coordinate_free_seed2,water_coordinate_free,2,ES,0,2,measured,a78994c54a175532bdeceb8a3ad95d2e826f8c9b3bba1fd255f031152a38127d,runtime/experiment/rf3/predictions/water_coordinate_free_seed2_ES/seed-0_sample-2/water_coordinate_free_seed2_ES_seed-0_sample-2_model.cif,18.235080456069547,0.6939,0.35717248916625977,0.3249749541282654,0.3314,False,4.70733760979632,5.115538242967319,13.883778967063948,2.2199101209412673,19.877815986202158,15.228101815355007,2.0610377509420834,4.9336611365909615,4.657875509539692,82.93896557851245,23.741002060085226,29.457481031997883,1.3034977441782933,L2-Q3,2.9033378874432882,2.669859173456565,3.072303093808089,3.0712174724498835,3.0895860011810377,2.948038413392609,4.9336611365909615,7.376841671151076,9.153105364206473,7.4893758421718015,8.2270641812075
water_coordinate_free_seed2,water_coordinate_free,2,ES,0,3,measured,d1da3178abc8148cd877ccf45f8fd71b3a8a7fd52a185313c152675817369e4a,runtime/experiment/rf3/predictions/water_coordinate_free_seed2_ES/seed-0_sample-3/water_coordinate_free_seed2_ES_seed-0_sample-3_model.cif,19.441934098574222,0.6941,0.35863620042800903,0.3144431710243225,0.3233,False,15.19057987859325,10.869024877932034,27.641183862286123,19.591829933327826,23.967246855586126,22.00792972867065,1.1457105293774392,14.044427707482543,14.79170406584376,80.3768640734584,13.593869958376066,157.4797973297747,1.2908706691211356,M9-G10,32.206973890353986,28.899436872340612,26.975834440290857,24.755303763035005,20.393660835072495,18.358161214663344,14.044427707482543,11.701456890001817,9.170331195289666,9.24001610034544,12.268975752914038
water_coordinate_free_seed2,water_coordinate_free,2,ES,0,4,measured,c9473bb3178c3c6c2cc5289888a67062718bf06c5b2b55faab7fd341f4992f46,runtime/experiment/rf3/predictions/water_coordinate_free_seed2_ES/seed-0_sample-4/water_coordinate_free_seed2_ES_seed-0_sample-4_model.cif,18.96857273011524,0.694,0.35909220576286316,0.31455010175704956,0.3235,False,6.6003427837865445,9.217538489640075,22.536068421567705,2.8408045222966636,12.968667008501487,16.630903799856785,2.4372380239613882,7.916452353064549,8.085370122425454,162.52568068380714,4.960064468309345,95.58840136771585,1.3234334728400785,Q3-S4,8.2023538191633,8.496719900140517,4.861057725564094,5.540575804114304,5.591310288269286,8.031708660764775,7.916452353064549,8.994445721625931,11.87439680378377,12.279738865909565,15.206380625006373
water_fixed_seed3,water_fixed,3,monomer,0,0,measured,3ddf72dd8070b81b811514ac4627a03d0e34d625a0816654de1cf3ef6c605f72,runtime/experiment/rf3/predictions/water_fixed_seed3_monomer/seed-0_sample-0/water_fixed_seed3_monomer_seed-0_sample-0_model.cif,1.7711762465341636,0.7725,0.8492135405540466,0.0,0.1698,False,,,,,,,,,,,,,,,,,,,,,,,,,
water_fixed_seed3,water_fixed,3,monomer,0,1,measured,93e47afa360b1cc2e0761667ab518263646a456cdecde4411d38ce31a40d9a5f,runtime/experiment/rf3/predictions/water_fixed_seed3_monomer/seed-0_sample-1/water_fixed_seed3_monomer_seed-0_sample-1_model.cif,2.028728281888167,0.7724,0.8479410409927368,0.0,0.1696,False,,,,,,,,,,,,,,,,,,,,,,,,,
water_fixed_seed3,water_fixed,3,monomer,0,2,measured,4643c036c881e3e3a30eb9cc7d3f7739b1e7a1a51021582a4d6712a52da1ff1a,runtime/experiment/rf3/predictions/water_fixed_seed3_monomer/seed-0_sample-2/water_fixed_seed3_monomer_seed-0_sample-2_model.cif,1.473525400309125,0.7725,0.8491256833076477,0.0,0.1698,False,,,,,,,,,,,,,,,,,,,,,,,,,
water_fixed_seed3,water_fixed,3,monomer,0,3,measured,afbc534f98fef8ff2f2a2d0656ad2ea84fb4196544155190e3348a30b78fd62e,runtime/experiment/rf3/predictions/water_fixed_seed3_monomer/seed-0_sample-3/water_fixed_seed3_monomer_seed-0_sample-3_model.cif,1.7887226557225735,0.7725,0.849122941493988,0.0,0.1698,False,,,,,,,,,,,,,,,,,,,,,,,,,
water_fixed_seed3,water_fixed,3,monomer,0,4,measured,15095e3d5f468b4f693e3dccd0ab343a73afb3948a13fac9f3923baf07655034,runtime/experiment/rf3/predictions/water_fixed_seed3_monomer/seed-0_sample-4/water_fixed_seed3_monomer_seed-0_sample-4_model.cif,1.8870526866487358,0.7725,0.8486040830612183,0.0,0.1697,False,,,,,,,,,,,,,,,,,,,,,,,,,
water_fixed_seed3,water_fixed,3,ES,0,0,measured,032219d14b47c729e946f34e39e61eba44b38746825357ca13e97a179efb53c7,runtime/experiment/rf3/predictions/water_fixed_seed3_ES/seed-0_sample-0/water_fixed_seed3_ES_seed-0_sample-0_model.cif,1.4254347673485839,0.8015,0.9005424380302429,0.8774228096008301,0.882,False,0.4051213101424478,0.09654472475868932,2.023883321479982,2.103656385080275,2.4755827980952207,2.839129097562764,2.1634875666604794,3.739935066399735,3.4686937628952474,82.81553688838318,7.137143913655658,90.0427433197243,1.322573034310781,G7-M8,20.29878404937334,16.39007515258422,13.484266697288858,9.854355723370352,7.64073697009165,5.405795137972143,3.739935066399735,7.144568634244285,8.689601440552684,12.915292404710938,15.200965748087626
water_fixed_seed3,water_fixed,3,ES,0,1,measured,df7f14a78b20e5a9dc25674a317bedf0995a523bf1050d87adc01fd250e12314,runtime/experiment/rf3/predictions/water_fixed_seed3_ES/seed-0_sample-1/water_fixed_seed3_ES_seed-0_sample-1_model.cif,1.4344273480390213,0.8015,0.899885356426239,0.877074658870697,0.8816,False,0.345182912045562,0.10694566660003307,1.9908203258355537,2.072979744564841,2.5297131644419957,2.848886862958833,2.196848941126234,3.7209025681643664,3.353064156050119,84.54053791584181,13.55691213932325,51.45983132358469,1.3163031093992565,G7-M8,20.620314349548313,16.651787779254626,13.932165577850984,10.33090710637663,7.828508025674996,5.4014592414014695,3.7209025681643664,6.99917902444588,8.50494818040064,12.632772568415541,14.551730057084802
water_fixed_seed3,water_fixed,3,ES,0,2,measured,21fac03e73e0c234785d8c04efb74de64c4355a660b26ca0ed4333640f61a029,runtime/experiment/rf3/predictions/water_fixed_seed3_ES/seed-0_sample-2/water_fixed_seed3_ES_seed-0_sample-2_model.cif,1.0945424971175803,0.8015,0.9003548622131348,0.8774316310882568,0.882,False,0.4371188831061184,0.10602227149489314,2.029172080080786,2.089862712635828,2.718620158464553,3.022208232326062,2.236901475767181,3.9155272830584704,3.614337481695607,90.18831092641321,8.30507837017906,69.51854799142612,1.3159905963103384,G7-M8,19.866295163839954,16.088499920405543,13.332370415170779,9.833744957039048,7.38634807178389,5.079158417357231,3.9155272830584704,7.139465433992409,8.821794562926952,12.788083604441011,15.13937296551816
water_fixed_seed3,water_fixed,3,ES,0,3,measured,4a74d2d88c0bf5e2736750a4c4678c59c64d93e4cc3e80dd6001aa37ea2773a1,runtime/experiment/rf3/predictions/water_fixed_seed3_ES/seed-0_sample-3/water_fixed_seed3_ES_seed-0_sample-3_model.cif,1.7637577597174119,0.8017,0.8991041779518127,0.877062201499939,0.8815,False,0.3272696110434584,0.10283538677741935,2.0523559473291244,2.07741552261638,2.3700914935901785,2.618769559505569,2.118093731853709,7.207016083388667,6.263751851932024,102.9148403713959,8.707780993361077,109.48137229887328,1.3155378874461565,M9-G10,25.978438299981974,22.335283372308016,19.700848367402266,15.80171765177709,13.304341890929443,9.408526557023515,7.207016083388667,5.221509391365218,3.156249912801438,6.958882655647686,8.852818365785623
water_fixed_seed3,water_fixed,3,ES,0,4,measured,dbd25a1b0b6c948f599659b3501c957a2d4afe680d8a625b2433880a940f8794,runtime/experiment/rf3/predictions/water_fixed_seed3_ES/seed-0_sample-4/water_fixed_seed3_ES_seed-0_sample-4_model.cif,1.254739700994691,0.8015,0.9003856778144836,0.8774312734603882,0.882,False,0.3930309981985927,0.1090461903452994,2.0271794424368825,2.1032630646129733,2.5077802449397275,3.0037212495492494,2.187994353674341,3.573530460393199,3.4661209650530322,84.29160466473532,7.918037759729323,72.5575828677759,1.3226428274042885,G7-M8,20.041914307968042,16.085923871769428,13.229808386457751,9.700736267722998,7.38695892992158,5.124671383287597,3.573530460393199,7.171525191831023,8.928649452529804,13.105674710695244,15.383941503389622
water_coordinate_free_seed3,water_coordinate_free,3,monomer,0,0,measured,fe31dbf7fe7b08d27f183fb9f8e08d637b5e59d4813ae07a2e7b4b6f6aea8560,runtime/experiment/rf3/predictions/water_coordinate_free_seed3_monomer/seed-0_sample-0/water_coordinate_free_seed3_monomer_seed-0_sample-0_model.cif,3.481693694685994,0.7696,0.7457819581031799,0.0,0.1492,False,,,,,,,,,,,,,,,,,,,,,,,,,
water_coordinate_free_seed3,water_coordinate_free,3,monomer,0,1,measured,dbfe2e7c10c3228fbf0f8bb93d4b3623c1e16364f9dc0ea6f692c2a5467e0d89,runtime/experiment/rf3/predictions/water_coordinate_free_seed3_monomer/seed-0_sample-1/water_coordinate_free_seed3_monomer_seed-0_sample-1_model.cif,2.547993860232516,0.7696,0.7470503449440002,0.0,0.1494,False,,,,,,,,,,,,,,,,,,,,,,,,,
water_coordinate_free_seed3,water_coordinate_free,3,monomer,0,2,measured,0c69da8a99eef01b4e190a75e964b8dc48906d47a1e253a604d86b8d1bc58119,runtime/experiment/rf3/predictions/water_coordinate_free_seed3_monomer/seed-0_sample-2/water_coordinate_free_seed3_monomer_seed-0_sample-2_model.cif,2.764116151764494,0.7696,0.7475008368492126,0.0,0.1495,False,,,,,,,,,,,,,,,,,,,,,,,,,
water_coordinate_free_seed3,water_coordinate_free,3,monomer,0,3,measured,f057ddfb3e6669295cf072901c989ebe8e13d819f76f213412e5eed01e79daea,runtime/experiment/rf3/predictions/water_coordinate_free_seed3_monomer/seed-0_sample-3/water_coordinate_free_seed3_monomer_seed-0_sample-3_model.cif,3.5034782800609303,0.7696,0.7464162111282349,0.0,0.1493,False,,,,,,,,,,,,,,,,,,,,,,,,,
water_coordinate_free_seed3,water_coordinate_free,3,monomer,0,4,measured,026ae7a54e0fd4fbf414db5731c4b4027954ba3522c3f0fcc851f7a8dcbeca1d,runtime/experiment/rf3/predictions/water_coordinate_free_seed3_monomer/seed-0_sample-4/water_coordinate_free_seed3_monomer_seed-0_sample-4_model.cif,3.5829005583172426,0.7697,0.7475094795227051,0.0,0.1495,False,,,,,,,,,,,,,,,,,,,,,,,,,
water_coordinate_free_seed3,water_coordinate_free,3,ES,0,0,measured,4462c109454dca9f44e7b297e828c5846d4ae60432ac5ca801d98f0061bbb3aa,runtime/experiment/rf3/predictions/water_coordinate_free_seed3_ES/seed-0_sample-0/water_coordinate_free_seed3_ES_seed-0_sample-0_model.cif,3.3292979581169067,0.7418,0.5186165571212769,0.441813588142395,0.4572,False,2.40942611251788,0.08651167557109105,2.2020206926710024,2.1680872712268413,6.213713471334796,5.596616941606603,2.02191732166489,3.308443420644642,3.0836561767597597,21.565317634026464,7.168564489793816,162.74844224915603,1.3288878661218486,G7-M8,19.50156323668352,15.964884333405198,12.856736935409387,9.829331585521288,6.282090407864141,5.247404724236069,3.308443420644642,7.732486145238504,9.637833411005975,13.82720561647357,16.328069881746778
water_coordinate_free_seed3,water_coordinate_free,3,ES,0,1,measured,be830bd6ace581b7361565be14a23fdb1226d7d0647cdec4fa296ac18467bf6c,runtime/experiment/rf3/predictions/water_coordinate_free_seed3_ES/seed-0_sample-1/water_coordinate_free_seed3_ES_seed-0_sample-1_model.cif,3.4129519410252853,0.742,0.5152171850204468,0.4350808262825012,0.4511,False,0.8062985176214245,0.08516452714530814,2.152077764624638,2.102545064424912,6.025065492456288,3.2272957867025776,2.079668337220866,8.589070679893267,8.437080073748062,76.18385969701858,7.10134595853755,134.41569079907293,1.2928992865601234,S5-W6,12.026917024614491,9.3635279836001,6.057241638707317,5.22918029198231,3.0728804462122232,7.0663555312868995,8.589070679893267,12.949712549565119,15.67871739838324,18.928046523788854,21.396655772657176
water_coordinate_free_seed3,water_coordinate_free,3,ES,0,2,measured,cf402adb807c4dcb463bd8dff9c1f57ef86f19245e7ad1788fd1024f6aadb7e5,runtime/experiment/rf3/predictions/water_coordinate_free_seed3_ES/seed-0_sample-2/water_coordinate_free_seed3_ES_seed-0_sample-2_model.cif,3.2519594191251295,0.7418,0.5169512033462524,0.4411417245864868,0.4563,False,2.0793346103500734,0.09115356788444923,2.0874797755523766,2.1029959184032365,6.239202070041424,5.5301403578815025,1.87579010306867,3.644420480416001,3.0432704587854214,37.62302480521558,7.50894716346054,174.7689617526369,1.318077009998122,G7-M8,18.808623518882477,15.573952925154458,12.47879995474195,9.518990323441372,6.158268378246804,5.333886600723165,3.644420480416001,8.055054963170125,10.038762907666738,14.116125329151524,16.85940600035981
water_coordinate_free_seed3,water_coordinate_free,3,ES,0,3,measured,7dfb45fc33815b16c1fb6851a4e09bbd015a6acec2de9a6478a151b99be7b839,runtime/experiment/rf3/predictions/water_coordinate_free_seed3_ES/seed-0_sample-3/water_coordinate_free_seed3_ES_seed-0_sample-3_model.cif,4.331071976813372,0.7418,0.5165338516235352,0.4383454918861389,0.454,False,0.8873236224921252,0.14609535703490192,2.2615542510230684,1.9968480551794197,7.868118726878247,2.8396208901681876,2.232027826710038,7.7226964839486225,7.875297584651685,87.65527832848099,17.672259189868054,48.671465920496345,1.3209190135648892,S5-W6,13.896574687525233,10.905530601716796,7.577485591243479,6.033558396308533,3.127179392823138,6.1161922207376405,7.7226964839486225,11.487023553422176,14.045209291460369,17.89009491360625,21.083078197134352
water_coordinate_free_seed3,water_coordinate_free,3,ES,0,4,measured,d6cf1c5f5c52af66b263524771ab8b56f92bf2cdca8e253477a7db96f3419498,runtime/experiment/rf3/predictions/water_coordinate_free_seed3_ES/seed-0_sample-4/water_coordinate_free_seed3_ES_seed-0_sample-4_model.cif,3.631592793309224,0.7418,0.5174834728240967,0.43980276584625244,0.4553,False,2.1866787207189815,0.09794692754024306,2.2713188014574412,2.1778942623926865,7.017738742799416,6.227096301150179,1.999062624352963,3.6938315175116907,3.4313347673876438,32.909586928493276,14.705994142824823,69.75057346076548,1.3254743547070302,G7-M8,18.52280976526137,15.73001577618266,12.485878395781953,9.489213684572842,6.075559921335599,5.452737718667297,3.6938315175116907,8.259863335973026,10.156577651450952,14.29166641054779,17.13269543095099
