,design_name,plate_number,well_id,normalize_buffer_volume_ul
0,chainA_L22A,5,A1,120.7389937
1,chainA_L22D,5,A2,115.4716981
2,chainA_L22E,5,A3,117.5157233
3,chainA_L22F,5,A4,115
4,chainA_L22G,5,A5,123.8836478
5,chainA_L22H,5,A6,116.4937107
6,chainA_L22I,5,A7,114.1352201
7,chainA_L22K,5,A8,119.245283
8,chainA_L22M,5,A9,84.10377358
9,chainA_L22N,5,A10,125.2201258
10,chainA_L22P,5,A11,116.4150943
11,chainA_L22Q,5,A12,119.7955975
12,chainA_L22R,5,B1,104.3081761
13,chainA_L22S,5,B2,123.8050314
14,chainA_L22T,5,B3,128.4433962
15,chainA_L22V,5,B4,126.9496855
16,chainA_L22W,5,B5,132.0168067
17,chainA_L22Y,5,B6,123.457111
18,chainA_V27A,5,B7,88.03459119
19,chainA_V27D,5,B8,108.7106918
20,chainA_V27E,5,B9,109.4968553
21,chainA_V27F,5,B10,99.43396226
22,chainA_V27G,5,B11,100.0628931
23,chainA_V27H,5,B12,100.4559748
24,chainA_V27I,5,C1,82.13836478
25,chainA_V27K,5,C2,117.7515723
26,chainA_V27L,5,C3,117.5157233
27,chainA_V27M,5,C4,73.25471698
28,chainA_V27N,5,C5,116.1006289
29,chainA_V27P,5,C6,63.18396226
30,chainA_V27Q,5,C7,107.9245283
31,chainA_V27R,5,C8,130.6446541
32,chainA_V27S,5,C9,106.8238994
33,chainA_V27T,5,C10,102.8930818
34,chainA_V27W,5,C11,0
35,chainA_V27Y,5,C12,110.0891199
36,chainA_A30D,5,D1,42.57075472
37,chainA_A30E,5,D2,81.03773585
38,chainA_A30F,5,D3,55.70754717
39,chainA_A30G,5,D4,0
40,chainA_A30H,5,D5,79.85849057
41,chainA_A30I,5,D6,85.91194969
42,chainA_A30K,5,D7,74.98427673
43,chainA_A30L,5,D8,93.30188679
44,chainA_A30M,5,D9,0
45,chainA_A30N,5,D10,85.75471698
46,chainA_A30P,5,D11,0
47,chainA_A30Q,5,D12,116.9654088
48,chainA_A30R,5,E1,102.5
49,chainA_A30S,5,E2,90.31446541
50,chainA_A30T,5,E3,105.8018868
51,chainA_A30V,5,E4,87.72012579
52,chainA_A30W,5,E5,41.62249515
53,chainA_A30Y,5,E6,87.36353509
54,chainA_F32A,5,E7,47.40566038
55,chainA_F32D,5,E8,63.10534591
56,chainA_F32E,5,E9,80.56603774
57,chainA_F32G,5,E10,98.80503145
58,chainA_F32H,5,E11,0
59,chainA_F32I,5,E12,66.29716981
60,chainA_F32K,5,F1,118.6949686
61,chainA_F32L,5,F2,64.00943396
62,chainA_F32M,5,F3,97.78301887
63,chainA_F32N,5,F4,108.4748428
64,chainA_F32P,5,F5,108.8679245
65,chainA_F32Q,5,F6,110.1257862
66,chainA_F32R,5,F7,111.2264151
67,chainA_F32S,5,F8,127.5
68,chainA_F32T,5,F9,0
69,chainA_F32V,5,F10,54.50471698
70,chainA_F32W,5,F11,83.92372334
71,chainA_F32Y,5,F12,88.47753435
72,chainA_F48A,5,G1,93.4591195
73,chainA_F48D,5,G2,99.66981132
74,chainA_F48E,5,G3,103.5220126
75,chainA_F48G,5,G4,98.64779874
76,chainA_F48H,5,G5,102.5
77,chainA_F48I,5,G6,83.55345912
78,chainA_F48K,5,G7,0
79,chainA_F48L,5,G8,88.97798742
80,chainA_F48M,5,G9,88.82075472
81,chainA_F48N,5,G10,92.12264151
82,chainA_F48P,5,G11,80.88050314
83,chainA_F48Q,5,G12,81.50943396
84,chainA_F48R,5,H1,114.5283019
85,chainA_F48S,5,H2,86.93396226
86,chainA_F48T,5,H3,48.07389937
87,chainA_F48V,5,H4,77.57861635
88,chainA_F48W,5,H5,92.32708468
89,chainA_F48Y,5,H6,97.68659488
90,chainA_F52A,5,H7,95.58176101
91,chainA_F52D,5,H8,70.18867925
92,chainA_F52E,5,H9,95.89622642
93,chainA_F52G,5,H10,61.76886792
94,chainA_F52H,5,H11,100.927673
95,chainA_F52I,5,H12,102.7358491
96,chainA_F52K,6,A1,88.27044025
97,chainA_F52L,6,A2,77.73584906
98,chainA_F52M,6,A3,83.16037736
99,chainA_F52N,6,A4,71.52515723
100,chainA_F52P,6,A5,33.38050314
101,chainA_F52Q,6,A6,76.16352201
102,chainA_F52R,6,A7,90.07861635
103,chainA_F52S,6,A8,77.42138365
104,chainA_F52T,6,A9,71.91823899
105,chainA_F52V,6,A10,103.9150943
106,chainA_F52W,6,A11,65.17776341
107,chainA_F52Y,6,A12,111.9457854
108,chainA_A73D,6,B1,87.01257862
109,chainA_A73E,6,B2,112.7201258
110,chainA_A73F,6,B3,104.8584906
111,chainA_A73G,6,B4,81.35220126
112,chainA_A73H,6,B5,90.70754717
113,chainA_A73I,6,B6,80.64465409
114,chainA_A73K,6,B7,133.6320755
115,chainA_A73L,6,B8,73.80503145
116,chainA_A73M,6,B9,109.418239
117,chainA_A73N,6,B10,31.83962264
118,chainA_A73P,6,B11,66.47012579
119,chainA_A73Q,6,B12,135.2044025
120,chainA_A73R,6,C1,132.6886792
121,chainA_A73S,6,C2,87.56289308
122,chainA_A73T,6,C3,104.7798742
123,chainA_A73V,6,C4,98.80503145
124,chainA_A73W,6,C5,120.7692308
125,chainA_A73Y,6,C6,112.7627182
126,chainA_A75D,6,C7,62.84591195
127,chainA_A75E,6,C8,133.3962264
128,chainA_A75F,6,C9,76.55660377
129,chainA_A75G,6,C10,100.2201258
130,chainA_A75H,6,C11,99.0408805
131,chainA_A75I,6,C12,126.163522
132,chainA_A75K,6,D1,54.33176101
133,chainA_A75L,6,D2,59.12735849
134,chainA_A75M,6,D3,121.9968553
135,chainA_A75N,6,D4,97.62578616
136,chainA_A75P,6,D5,110.754717
137,chainA_A75Q,6,D6,16.8081761
138,chainA_A75R,6,D7,68.46698113
139,chainA_A75S,6,D8,54.53616352
140,chainA_A75T,6,D9,104.7798742
141,chainA_A75V,6,D10,100.927673
142,chainA_A75W,6,D11,52.28829994
143,chainA_A75Y,6,D12,58.71147419
144,chainA_A78D,6,E1,89.92138365
145,chainA_A78E,6,E2,88.1918239
146,chainA_A78F,6,E3,87.40566038
147,chainA_A78G,6,E4,104.4654088
148,chainA_A78H,6,E5,96.91823899
149,chainA_A78I,6,E6,30.29874214
150,chainA_A78K,6,E7,100.3773585
151,chainA_A78L,6,E8,105.3301887
152,chainA_A78M,6,E9,119.8742138
153,chainA_A78N,6,E10,109.3396226
154,chainA_A78P,6,E11,88.27044025
155,chainA_A78Q,6,E12,86.85534591
156,chainA_A78R,6,F1,114.8427673
157,chainA_A78S,6,F2,104.4654088
158,chainA_A78T,6,F3,109.8899371
159,chainA_A78V,6,F4,88.82075472
160,chainA_A78W,6,F5,52.59211377
161,chainA_A78Y,6,F6,83.9472707
162,chainA_A79D,6,F7,93.14465409
163,chainA_A79E,6,F8,90.07861635
164,chainA_A79F,6,F9,87.40566038
165,chainA_A79G,6,F10,38.95440252
166,chainA_A79H,6,F11,97.31132075
167,chainA_A79I,6,F12,87.32704403
168,chainA_A79K,6,G1,111.7767296
169,chainA_A79L,6,G2,116.0220126
170,chainA_A79M,6,G3,109.8113208
171,chainA_A79N,6,G4,136.4622642
172,chainA_A79P,6,G5,113.1132075
173,chainA_A79Q,6,G6,142.3584906
174,chainA_A79R,6,G7,111.3836478
175,chainA_A79S,6,G8,101.3993711
176,chainA_A79T,6,G9,107.6886792
177,chainA_A79V,6,G10,80.33018868
178,chainA_A79W,6,G11,53.92372334
179,chainA_A79Y,6,G12,72.06461196
180,chainA_A81D,6,H1,108.7106918
181,chainA_A81E,6,H2,116.4150943
182,chainA_A81F,6,H3,89.13522013
183,chainA_A81G,6,H4,111.3836478
184,chainA_A81H,6,H5,75.8490566
185,chainA_A81I,6,H6,95.97484277
186,chainA_A81K,6,H7,112.4056604
187,chainA_A81L,6,H8,73.96226415
188,chainA_A81M,6,H9,34.52044025
189,wt,6,H10,0
190,wt,6,H11,77.73584906
191,wt,6,H12,18.91509434
192,chainA_A81N,7,A1,72.86163522
193,chainA_A81P,7,A2,89.60691824
194,chainA_A81Q,7,A3,55.59748428
195,chainA_A81R,7,A4,85.12578616
196,chainA_A81S,7,A5,43.30974843
197,chainA_A81T,7,A6,57.72012579
198,chainA_A81V,7,A7,59.75628931
199,chainA_A81W,7,A8,75.19715579
200,chainA_A81Y,7,A9,68.7968808
201,chainA_Y83A,7,A10,57.8914405
202,chainA_Y83D,7,A11,64.18789144
203,chainA_Y83E,7,A12,59.91231733
204,chainA_Y83F,7,B1,69.05636743
205,chainA_Y83G,7,B2,59.16075157
206,chainA_Y83H,7,B3,78.01670146
207,chainA_Y83I,7,B4,64.07098121
208,chainA_Y83K,7,B5,69.90814196
209,chainA_Y83L,7,B6,63.62839248
210,chainA_Y83M,7,B7,64.13778706
211,chainA_Y83N,7,B8,70.20041754
212,chainA_Y83P,7,B9,71.05219207
213,chainA_Y83Q,7,B10,64.41336117
214,chainA_Y83R,7,B11,75.92901879
215,chainA_Y83S,7,B12,75.67849687
216,chainA_Y83T,7,C1,77.59916493
217,chainA_Y83V,7,C2,78.434238
218,chainA_Y83W,7,C3,65.51782683
219,chainA_A84D,7,C4,87.16981132
220,chainA_A84E,7,C5,84.26100629
221,chainA_A84F,7,C6,62.70440252
222,chainA_A84G,7,C7,79.46540881
223,chainA_A84H,7,C8,88.11320755
224,chainA_A84I,7,C9,65.16509434
225,chainA_A84K,7,C10,17.13050314
226,chainA_A84L,7,C11,35.03930818
227,chainA_A84M,7,C12,84.81132075
228,chainA_A84N,7,D1,89.37106918
229,chainA_A84P,7,D2,44.85062893
230,chainA_A84Q,7,D3,72.31132075
231,chainA_A84R,7,D4,86.06918239
232,chainA_A84S,7,D5,76.32075472
233,chainA_A84T,7,D6,76.55660377
234,chainA_A84V,7,D7,62.17767296
235,chainA_A84W,7,D8,40.19392372
236,chainA_A84Y,7,D9,59.24619384
237,chainA_V121A,7,D10,59.23742138
238,chainA_V121D,7,D11,67.74371069
239,chainA_V121E,7,D12,74.19811321
240,chainA_V121F,7,E1,89.76415094
241,chainA_V121G,7,E2,80.80188679
242,chainA_V121H,7,E3,74.98427673
243,chainA_V121I,7,E4,73.96226415
244,chainA_V121K,7,E5,89.68553459
245,chainA_V121L,7,E6,87.40566038
246,chainA_V121M,7,E7,76.08490566
247,chainA_V121N,7,E8,84.5754717
248,chainA_V121P,7,E9,76.39937107
249,chainA_V121Q,7,E10,77.89308176
250,chainA_V121R,7,E11,80.72327044
251,chainA_V121S,7,E12,69.63836478
252,chainA_V121T,7,F1,73.80503145
253,chainA_V121W,7,F2,73.19327731
254,chainA_V121Y,7,F3,75.92647605
255,chainA_D123A,7,F4,81.58805031
256,chainA_D123E,7,F5,59.25314465
257,chainA_D123F,7,F6,70.4245283
258,chainA_D123G,7,F7,75.37735849
259,chainA_D123H,7,F8,72.78301887
260,chainA_D123I,7,F9,69.40251572
261,chainA_D123K,7,F10,79.22955975
262,chainA_D123L,7,F11,68.85220126
263,chainA_D123M,7,F12,79.1509434
264,chainA_D123N,7,G1,88.74213836
265,chainA_D123P,7,G2,55.36163522
266,chainA_D123Q,7,G3,84.18238994
267,chainA_D123R,7,G4,78.83647799
268,chainA_D123S,7,G5,60.05503145
269,chainA_D123T,7,G6,74.74842767
270,chainA_D123V,7,G7,76.00628931
271,chainA_D123W,7,G8,65.56561086
272,chainA_D123Y,7,G9,81.7935388
273,chainA_Y152A,7,G10,79.93736952
274,chainA_Y152D,7,G11,56.67223382
275,chainA_Y152E,7,G12,84.11273486
276,chainA_Y152F,7,H1,75.92901879
277,chainA_Y152G,7,H2,70.217119
278,chainA_Y152H,7,H3,73.13152401
279,chainA_Y152I,7,H4,31.21920668
280,chainA_Y152K,7,H5,81.85803758
281,chainA_Y152L,7,H6,54.11691023
282,chainA_Y152M,7,H7,57.24843424
283,chainA_Y152N,7,H8,65.565762
284,chainA_Y152P,7,H9,77.09812109
285,chainA_Y152Q,7,H10,48.2045929
286,chainA_Y152R,7,H11,72.03757829
287,chainA_Y152S,7,H12,69.21503132
288,chainA_Y152T,8,A1,75.34446764
289,chainA_Y152V,8,A2,69.14822547
290,chainA_Y152W,8,A3,76.38370119
291,chainA_I155A,8,A4,80.48742138
292,chainA_I155D,8,A5,92.90880503
293,chainA_I155E,8,A6,86.22641509
294,chainA_I155F,8,A7,77.3427673
295,chainA_I155G,8,A8,75.8490566
296,chainA_I155H,8,A9,42.61792453
297,chainA_I155K,8,A10,85.67610063
298,chainA_I155L,8,A11,81.50943396
299,chainA_I155M,8,A12,83.16037736
300,chainA_I155N,8,B1,81.74528302
301,chainA_I155P,8,B2,108.081761
302,chainA_I155Q,8,B3,62.42138365
303,chainA_I155R,8,B4,68.27830189
304,chainA_I155S,8,B5,92.04402516
305,chainA_I155T,8,B6,83.39622642
306,chainA_I155V,8,B7,78.28616352
307,chainA_I155W,8,B8,88.96574014
308,chainA_I155Y,8,B9,94.71593019
309,chainA_Q157A,8,B10,87.40566038
310,chainA_Q157D,8,B11,81.27358491
311,chainA_Q157E,8,B12,89.29245283
312,chainA_Q157F,8,C1,83.55345912
313,chainA_Q157G,8,C2,93.30188679
314,chainA_Q157H,8,C3,83.86792453
315,chainA_Q157I,8,C4,68.5927673
316,chainA_Q157K,8,C5,42.86163522
317,chainA_Q157L,8,C6,77.3427673
318,chainA_Q157M,8,C7,68.85220126
319,chainA_Q157N,8,C8,76.32075472
320,chainA_Q157P,8,C9,84.5754717
321,chainA_Q157R,8,C10,87.79874214
322,chainA_Q157S,8,C11,63.06603774
323,chainA_Q157T,8,C12,77.10691824
324,chainA_Q157V,8,D1,75.22012579
325,chainA_Q157W,8,D2,63.82029735
326,chainA_Q157Y,8,D3,79.49127367
327,chainA_A159D,8,D4,95.58176101
328,chainA_A159E,8,D5,69.24528302
329,chainA_A159F,8,D6,58.76572327
330,chainA_A159G,8,D7,80.33018868
331,chainA_A159H,8,D8,56.70597484
332,chainA_A159I,8,D9,60.9591195
333,chainA_A159K,8,D10,79.22955975
334,chainA_A159L,8,D11,58.19968553
335,chainA_A159M,8,D12,60.51886792
336,chainA_A159N,8,E1,48.11320755
337,chainA_A159P,8,E2,88.97798742
338,chainA_A159Q,8,E3,56.27358491
339,chainA_A159R,8,E4,59.03301887
340,chainA_A159S,8,E5,77.5
341,chainA_A159T,8,E6,70.66037736
342,chainA_A159V,8,E7,65.28301887
343,chainA_A159W,8,E8,60.58823529
344,chainA_A159Y,8,E9,47.72744152
345,chainA_E160A,8,E10,79.1509434
346,chainA_E160D,8,E11,71.68238994
347,chainA_E160F,8,E12,72.78301887
348,chainA_E160G,8,F1,78.75786164
349,chainA_E160H,8,F2,79.93710692
350,chainA_E160I,8,F3,78.52201258
351,chainA_E160K,8,F4,88.1918239
352,chainA_E160L,8,F5,68.47484277
353,chainA_E160M,8,F6,72.38993711
354,chainA_E160N,8,F7,70.66037736
355,chainA_E160P,8,F8,84.02515723
356,chainA_E160Q,8,F9,64.24528302
357,chainA_E160R,8,F10,83.23899371
358,chainA_E160S,8,F11,88.1918239
359,chainA_E160T,8,F12,85.83333333
360,chainA_E160V,8,G1,79.85849057
361,chainA_E160W,8,G2,81.27343245
362,chainA_E160Y,8,G3,90.25993316
363,chainA_A163D,8,G4,91.33647799
364,chainA_A163E,8,G5,141.1006289
365,chainA_A163F,8,G6,84.18238994
366,chainA_A163G,8,G7,80.9591195
367,chainA_A163H,8,G8,99.11949686
368,chainA_A163I,8,G9,79.85849057
369,chainA_A163K,8,G10,60.91194969
370,chainA_A163L,8,G11,83.08176101
371,chainA_A163M,8,G12,90.94339623
372,chainA_A163N,8,H1,111.0691824
373,chainA_A163P,8,H2,112.1698113
374,chainA_A163Q,8,H3,89.76415094
375,chainA_A163R,8,H4,78.75786164
376,chainA_A163S,8,H5,83.78930818
377,chainA_A163T,8,H6,73.17610063
378,chainA_A163V,8,H7,60.11792453
379,chainA_A163W,8,H8,54.96444732
380,chainA_A163Y,8,H9,52.41366506
381,blank,8,H10,0
382,blank,8,H11,0
383,blank,8,H12,0
