candidate,arm,pair_seed,state,rf3_seed,sample,status,structure_sha256,structure_in_bundle,enzyme_CA_rmsd_to_scaffold_A,native_RF3_overall_plddt,native_RF3_ptm,native_RF3_iptm,native_RF3_ranking_score,native_RF3_has_clash,primary_status,worst_group_rmsd_A,zinc_group_rmsd_A,water_group_rmsd_A,histidine_36_group_rmsd_A,histidine_40_group_rmsd_A,metal_glutamate_152_group_rmsd_A,general_base_37_group_rmsd_A,tyrosine_115_group_rmsd_A,reactive_backbone_group_rmsd_A,Zn_H36_NE2_A,Zn_H40_NE2_A,Zn_E152_min_A,E37_water_min_A,Zn_water_A,Zn_G7_O_A,water_G7_C_A,water_G7_C_G7_O_degrees,Y115_OH_G7_O_A,Y115_CZ_OH_G7_O_degrees,G7_C_M8_N_A,nearest_amide_to_Zn,Zn_A1-L2_carbonyl_O_A,Zn_L2-Q3_carbonyl_O_A,Zn_Q3-S4_carbonyl_O_A,Zn_S4-S5_carbonyl_O_A,Zn_S5-W6_carbonyl_O_A,Zn_W6-G7_carbonyl_O_A,Zn_G7-M8_carbonyl_O_A,Zn_M8-M9_carbonyl_O_A,Zn_M9-G10_carbonyl_O_A,Zn_G10-M11_carbonyl_O_A,Zn_M11-L12_carbonyl_O_A
context_hidden_seed200,context_hidden,200,monomer,0,0,measured,f008751b0ee51071b2bd6a2113f22bc70bf4bac176de86bee86a1560a84e182c,runtime/experiment/rf3/predictions/context_hidden_seed200_monomer/seed-0_sample-0/context_hidden_seed200_monomer_seed-0_sample-0_model.cif,1.5465732314864786,0.7816,0.8477190732955933,0.0,0.1695,False,,,,,,,,,,,,,,,,,,,,,,,,,,,,,,,,,
context_hidden_seed200,context_hidden,200,monomer,0,1,measured,5610a04c61432779204a48dc97007ccf059c880f6bceb15cb80e940c482e9a51,runtime/experiment/rf3/predictions/context_hidden_seed200_monomer/seed-0_sample-1/context_hidden_seed200_monomer_seed-0_sample-1_model.cif,1.5144452146688143,0.7816,0.8477743864059448,0.0,0.1696,False,,,,,,,,,,,,,,,,,,,,,,,,,,,,,,,,,
context_hidden_seed200,context_hidden,200,monomer,0,2,measured,76b767ecd947815fd451b862450abdcbde7615c4f6e6008e73feeb47479bed98,runtime/experiment/rf3/predictions/context_hidden_seed200_monomer/seed-0_sample-2/context_hidden_seed200_monomer_seed-0_sample-2_model.cif,1.6108551630953294,0.7816,0.8478636741638184,0.0,0.1696,False,,,,,,,,,,,,,,,,,,,,,,,,,,,,,,,,,
context_hidden_seed200,context_hidden,200,monomer,0,3,measured,f82f8fe7f73773da406653887c4ce6acb24ac36948fb176ebb5b206632b06e8a,runtime/experiment/rf3/predictions/context_hidden_seed200_monomer/seed-0_sample-3/context_hidden_seed200_monomer_seed-0_sample-3_model.cif,1.741420492218142,0.7816,0.8477270603179932,0.0,0.1695,False,,,,,,,,,,,,,,,,,,,,,,,,,,,,,,,,,
context_hidden_seed200,context_hidden,200,monomer,0,4,measured,b078c47adb4ccf4718e9a3c98f916d91a4a1606669d4f80e0dddbad8b511d5c5,runtime/experiment/rf3/predictions/context_hidden_seed200_monomer/seed-0_sample-4/context_hidden_seed200_monomer_seed-0_sample-4_model.cif,1.6358010567314465,0.7816,0.8477522134780884,0.0,0.1696,False,,,,,,,,,,,,,,,,,,,,,,,,,,,,,,,,,
context_hidden_seed200,context_hidden,200,ES,0,0,measured,6c61d04206aebc6e344778f0f8ee2eff1c2b51fada0cc610dfec6131839417f6,runtime/experiment/rf3/predictions/context_hidden_seed200_ES/seed-0_sample-0/context_hidden_seed200_ES_seed-0_sample-0_model.cif,8.598234719417075,0.7273,0.4244089722633362,0.5180920362472534,0.4994,False,measured,13.657638290891,2.2556689169832493,2.4332414602327894,2.4764719711879883,1.1810837477951777,12.833975867852512,2.324919132519688,13.657638290891,3.6411996083074936,1.9241092661438712,2.8228033558489063,16.32634730256198,3.899015365886814,2.100314480873706,4.44112341161131,4.381064888963205,112.4912578944062,9.593222867449555,85.13883884487409,1.3135508337467594,W6-G7,16.940550780279004,13.304612570006215,10.511103049896787,6.545278773217263,5.193349998155816,2.3207896526021665,4.44112341161131,7.409600495929057,10.087719040613786,13.571520159022096,15.567528915940676
context_hidden_seed200,context_hidden,200,ES,0,1,measured,5f22ac27df1868e4940fc58e3a2431de6b894e6b20dbe743fa9696fb76f79d17,runtime/experiment/rf3/predictions/context_hidden_seed200_ES/seed-0_sample-1/context_hidden_seed200_ES_seed-0_sample-1_model.cif,17.687734355548997,0.7273,0.423414021730423,0.5044839382171631,0.4883,False,measured,21.51862845335868,9.495188094637951,10.961649004958423,8.118650313686498,10.024932907233726,21.51862845335868,4.227257096687777,8.540266000903442,8.042338964829632,2.006053406680983,2.75074462730547,24.20625152443698,5.861358366026175,1.9753737894908474,16.089422477830695,17.68029036882944,96.56371747500948,15.625039008788404,87.82533789962153,1.30224574521187,G10-M11,24.942445843564983,23.834702803226605,23.919479830520707,22.830162359268343,20.027613326693405,19.311319966876376,16.089422477830695,12.46705816100263,12.060666948017289,9.962055914076492,11.205274820502204
context_hidden_seed200,context_hidden,200,ES,0,2,measured,37dd04fd3e8f24f5dff479e14a5e39022dad2ae1bfaa7fe7e630d7318f8d2225,runtime/experiment/rf3/predictions/context_hidden_seed200_ES/seed-0_sample-2/context_hidden_seed200_ES_seed-0_sample-2_model.cif,7.950665018786663,0.7273,0.42350614070892334,0.5177141427993774,0.4989,False,measured,18.351129708667038,0.4648983632160923,2.8566599488021085,1.1832318357385023,0.32807543342043816,12.546540407385317,0.9166496481799148,18.351129708667038,3.463722719698388,1.8122460510590748,2.496762695385077,14.852404678868163,5.063833821311596,2.227224443837547,5.28368131172054,3.5786088762996973,56.28242405435439,17.820609995728844,57.301011778777685,1.3122123529737477,W6-G7,18.230466828871585,14.328035023432577,11.685900761690636,7.906779649366823,6.1543367120728325,5.188842909360921,5.28368131172054,8.315717358940928,9.307521994538249,12.54832882661708,16.129017855672792
context_hidden_seed200,context_hidden,200,ES,0,3,measured,d0a79e7493c320ebc8ef936db09885f4f147653e002d747e91406711bd059204,runtime/experiment/rf3/predictions/context_hidden_seed200_ES/seed-0_sample-3/context_hidden_seed200_ES_seed-0_sample-3_model.cif,14.5542746310109,0.7275,0.4208318591117859,0.5035611391067505,0.487,False,measured,18.804798447259742,4.576712047250169,8.06097787999477,4.346624929980689,4.3610714605910115,18.804798447259742,2.947838332293852,12.411282580546752,9.30254881115615,2.1307003557615984,2.43804670249013,21.93435087254198,7.567086903071198,2.0543859491174863,3.2775801550139816,3.9321226224534542,74.15853218061149,16.240028705333028,64.0351874695113,1.2928927840364477,S5-W6,8.128023469027662,6.231931342639645,4.4933904972855245,6.588407662098387,3.2522204709511255,5.471648026128008,3.2775801550139816,6.866478138990454,8.805856516525052,12.575458817315374,15.741023568274386
context_hidden_seed200,context_hidden,200,ES,0,4,measured,c818b4c8953912eaed6013603900f3364da00057830adc976581b1ccd8039814,runtime/experiment/rf3/predictions/context_hidden_seed200_ES/seed-0_sample-4/context_hidden_seed200_ES_seed-0_sample-4_model.cif,15.934274620299844,0.7272,0.42058151960372925,0.5251376628875732,0.5042,False,measured,18.223473090612703,4.712491503868148,6.741741277187492,4.012170689893829,6.667333743898577,18.223473090612703,3.05906316178543,10.253381504369775,4.324882884795077,1.9293064526791905,2.35643716978788,21.133152734052675,7.295038771689401,1.774629465108277,2.965663647832328,3.0148116125235944,4.757046447699678,10.980365625271855,58.60206605101322,1.3042819535698829,G7-M8,22.144300111461515,18.25077563804788,15.520456031238346,11.959781477237055,8.5621781291869,5.93561724910083,2.965663647832328,6.6191552573970425,7.485189235628339,10.017817950423984,13.506169536774017
context_revealed_seed200,context_revealed,200,monomer,0,0,measured,2281f6e35fae8354067718388e4ef15284af9fe3c697867ad146ddd510e735bb,runtime/experiment/rf3/predictions/context_revealed_seed200_monomer/seed-0_sample-0/context_revealed_seed200_monomer_seed-0_sample-0_model.cif,5.479433372241425,0.773,0.8411917686462402,0.0,0.1682,False,,,,,,,,,,,,,,,,,,,,,,,,,,,,,,,,,
context_revealed_seed200,context_revealed,200,monomer,0,1,measured,aea4191803ed1831477ac54c93e681c78fb3c5d2a74b1b4012b1b0b52c12b64a,runtime/experiment/rf3/predictions/context_revealed_seed200_monomer/seed-0_sample-1/context_revealed_seed200_monomer_seed-0_sample-1_model.cif,5.523062057380821,0.773,0.8412495851516724,0.0,0.1682,False,,,,,,,,,,,,,,,,,,,,,,,,,,,,,,,,,
context_revealed_seed200,context_revealed,200,monomer,0,2,measured,01b898f4ec855ab28b3e20a3deb7a0a092ca7d87d8d0eac815e842184d4c67be,runtime/experiment/rf3/predictions/context_revealed_seed200_monomer/seed-0_sample-2/context_revealed_seed200_monomer_seed-0_sample-2_model.cif,1.7536366762316393,0.7731,0.8394755721092224,0.0,0.1679,False,,,,,,,,,,,,,,,,,,,,,,,,,,,,,,,,,
context_revealed_seed200,context_revealed,200,monomer,0,3,measured,eaa7c21ce5805bfd0e4c3d9fcdbfbae3272387ad6ecbd2a536dae9a1c0046689,runtime/experiment/rf3/predictions/context_revealed_seed200_monomer/seed-0_sample-3/context_revealed_seed200_monomer_seed-0_sample-3_model.cif,5.504414000440158,0.773,0.8411945104598999,0.0,0.1682,False,,,,,,,,,,,,,,,,,,,,,,,,,,,,,,,,,
context_revealed_seed200,context_revealed,200,monomer,0,4,measured,009b45c9f9c335f3d591acf65573da6b8b33edb299e3d823ab90ed9ff2bb5934,runtime/experiment/rf3/predictions/context_revealed_seed200_monomer/seed-0_sample-4/context_revealed_seed200_monomer_seed-0_sample-4_model.cif,5.491130540159541,0.7731,0.8408671617507935,0.0,0.1682,False,,,,,,,,,,,,,,,,,,,,,,,,,,,,,,,,,
context_revealed_seed200,context_revealed,200,ES,0,0,measured,fdcf24bed6fb4ebd81cc53183a741675aaf62bcfd32627b3af4593287033f54e,runtime/experiment/rf3/predictions/context_revealed_seed200_ES/seed-0_sample-0/context_revealed_seed200_ES_seed-0_sample-0_model.cif,8.782095728128278,0.7522,0.680845320224762,0.5714911818504333,0.5934,False,measured,13.609046503239068,1.91805093331445,3.400997050254546,2.379553692731106,1.8134417317511589,13.609046503239068,2.692941252008078,5.882922018727811,4.064517670610184,1.9980864709980828,2.0547260329930452,15.484056911820963,6.225683250428647,1.8741036969007525,4.9029427328921775,4.297787286608383,164.37324058370018,8.551325967887625,161.48668061914154,1.309584452387167,M8-M9,21.338553158533994,17.06047263279044,15.153927950692582,11.275918922802948,9.22405740906979,4.773194093268211,4.9029427328921775,3.606571195496847,7.632341879950414,9.855564044224295,14.150043006946303
context_revealed_seed200,context_revealed,200,ES,0,1,measured,cb0b7b9e7536333ccc33001e558ddb93768a1ec85e705383e792d0e334f8d9c8,runtime/experiment/rf3/predictions/context_revealed_seed200_ES/seed-0_sample-1/context_revealed_seed200_ES_seed-0_sample-1_model.cif,9.313480445991294,0.7521,0.6795362830162048,0.5708520412445068,0.5926,False,measured,15.098923107761921,2.4411543091708987,3.1930052149343306,2.9348330739114377,2.4954724728588245,15.098923107761921,2.7430937457988582,11.438827758517299,3.1764334087766666,1.9082231214996148,2.725769686172205,18.143535262456634,5.465946156267309,1.8970866849642651,3.4523959583539647,2.869247819113276,33.32576332755142,11.6881686473857,44.17794215864116,1.3037430811620316,G7-M8,20.30859976086466,16.587001152687673,13.929298481461839,10.21480330702835,7.114272577202332,4.513374293430905,3.4523959583539647,7.079258463508107,8.993706420982603,12.94425581932263,15.376838880629267
context_revealed_seed200,context_revealed,200,ES,0,2,measured,f062db2b2e4887c5881fede961f400a5017797c30291e6bcdccf269043b3c59d,runtime/experiment/rf3/predictions/context_revealed_seed200_ES/seed-0_sample-2/context_revealed_seed200_ES_seed-0_sample-2_model.cif,9.828897193197315,0.7521,0.6755009889602661,0.569157600402832,0.5904,False,measured,15.278874228206364,3.316869810432733,3.4337358050090656,3.796412141364738,3.102898699362693,15.278874228206364,3.2232338036708557,4.634503488778822,5.5679082109793345,1.9947215075138403,2.6888859272256433,19.594972440840856,5.571807404777102,1.8413218671820466,5.220335487062198,4.480365414948625,55.15090566987072,10.225961815629242,117.13403272713437,1.2910944633838373,G7-M8,20.093268510345297,16.36839746278928,13.923504924663929,10.306234657689677,7.94879235836319,5.237613322692479,5.220335487062198,7.633681237905944,8.712076810670677,12.020885881267489,11.269750232073198
context_revealed_seed200,context_revealed,200,ES,0,3,measured,23736e19a02739c63d779b70b994c7f429f4571dd1a15ed502d3fd0d4318af1d,runtime/experiment/rf3/predictions/context_revealed_seed200_ES/seed-0_sample-3/context_revealed_seed200_ES_seed-0_sample-3_model.cif,9.367581049072006,0.7521,0.6773732304573059,0.5666794776916504,0.5888,False,measured,13.696325124316608,2.7577032477764183,3.5154292010833483,3.1493941492853588,2.80034777456364,13.696325124316608,3.1747618557755195,5.508832490419436,4.560826923913546,1.971572879969337,2.1641123782197016,16.96554632723633,5.667595281403436,1.8967513971449645,4.334725632918909,4.0299726376738985,37.71689140106363,9.888282173724189,130.82626721114363,1.302262512138547,G7-M8,20.952308871253226,16.84124605330419,14.713187276292818,11.039859784733634,8.164393058749559,5.302616849047718,4.334725632918909,7.411522137582323,8.556032891570457,11.888135393364518,14.5453247833663
context_revealed_seed200,context_revealed,200,ES,0,4,measured,e1418d32cb6c910850dc288913dfdbd613af8d1da2b32e33d76b28f48cb205a1,runtime/experiment/rf3/predictions/context_revealed_seed200_ES/seed-0_sample-4/context_revealed_seed200_ES_seed-0_sample-4_model.cif,10.195128137758369,0.7521,0.6783273220062256,0.5697101950645447,0.5914,False,measured,13.368793137245191,3.094298257676767,3.7486384436822613,3.3309082209961214,3.403320520029096,13.368793137245191,3.352840490016752,5.923913685136479,5.9447226075836594,1.9354020446206817,2.7940820175005125,14.77810412988984,6.264836381416883,1.9030442150061786,4.966203257815251,4.83279485180302,146.33896999406056,11.542970243236132,124.0211255160392,1.2889382252626584,M8-M9,21.926607684448964,17.599959927810794,16.26416836684173,12.008802169646174,9.626843423817766,5.969342606553586,4.966203257815251,4.448047278462613,7.478266389213867,9.210396213332643,12.60466529625906
context_hidden_seed201,context_hidden,201,monomer,0,0,measured,a9887f2de65edf42cf5f0c03696979b5584d2e3e9ec809d0db2f8b8073122a94,runtime/experiment/rf3/predictions/context_hidden_seed201_monomer/seed-0_sample-0/context_hidden_seed201_monomer_seed-0_sample-0_model.cif,3.144808783779242,0.7644,0.820828914642334,0.0,0.1642,False,,,,,,,,,,,,,,,,,,,,,,,,,,,,,,,,,
context_hidden_seed201,context_hidden,201,monomer,0,1,measured,c3d30cca4d67f4c1bd312339fd8b9d70e95f3e46f7a41b65b2791d1a2775ad4a,runtime/experiment/rf3/predictions/context_hidden_seed201_monomer/seed-0_sample-1/context_hidden_seed201_monomer_seed-0_sample-1_model.cif,3.2070871488171595,0.7644,0.820152759552002,0.0,0.164,False,,,,,,,,,,,,,,,,,,,,,,,,,,,,,,,,,
context_hidden_seed201,context_hidden,201,monomer,0,2,measured,793120a84c6a3ce7ad361045b0089b42dda31ddeddbc7c75400f5183ff993c8f,runtime/experiment/rf3/predictions/context_hidden_seed201_monomer/seed-0_sample-2/context_hidden_seed201_monomer_seed-0_sample-2_model.cif,3.1247595343499484,0.7644,0.8207606077194214,0.0,0.1642,False,,,,,,,,,,,,,,,,,,,,,,,,,,,,,,,,,
context_hidden_seed201,context_hidden,201,monomer,0,3,measured,0f8e559ee3d105259fbec36dcb23622b046a1f65c50468ea93d9e9e14c8954fa,runtime/experiment/rf3/predictions/context_hidden_seed201_monomer/seed-0_sample-3/context_hidden_seed201_monomer_seed-0_sample-3_model.cif,3.1200334053650063,0.7644,0.8208718299865723,0.0,0.1642,False,,,,,,,,,,,,,,,,,,,,,,,,,,,,,,,,,
context_hidden_seed201,context_hidden,201,monomer,0,4,measured,21198715d5288a972c5044f35cd0e8a819697b304cb9e620c4d79eaf68e96695,runtime/experiment/rf3/predictions/context_hidden_seed201_monomer/seed-0_sample-4/context_hidden_seed201_monomer_seed-0_sample-4_model.cif,3.1945079795968216,0.7644,0.8208544850349426,0.0,0.1642,False,,,,,,,,,,,,,,,,,,,,,,,,,,,,,,,,,
context_hidden_seed201,context_hidden,201,ES,0,0,measured,b944ddce6aa2b1b53bbd6f3bab73c3f02b9725e8cfd8b448868714b869e8e406,runtime/experiment/rf3/predictions/context_hidden_seed201_ES/seed-0_sample-0/context_hidden_seed201_ES_seed-0_sample-0_model.cif,3.083270688247682,0.7951,0.855280876159668,0.8300800919532776,0.8351,False,measured,12.733955407194756,1.2200289307339967,2.4742123195889176,1.8350074015153615,1.1754669974718077,1.4171901670475977,1.4216038116939582,12.733955407194756,1.7667601276421114,2.092533544883977,2.07231842362097,2.3540910764025855,4.936531094008695,1.4959741558746504,2.8970312350155307,2.6059765067785605,41.265237253344516,15.57010095386386,91.536155862793,1.3136114214281962,G7-M8,20.060001547579002,16.59393228152302,13.286181516560267,10.125629195281947,7.357253916330977,5.571621267825819,2.8970312350155307,7.060404184515043,8.93598970084593,12.96774486832404,14.632158590416328
context_hidden_seed201,context_hidden,201,ES,0,1,measured,96ed5f8ddda7fc3af0b5049944cc7661dc6272cec57d31f5b3ef54fe67689f76,runtime/experiment/rf3/predictions/context_hidden_seed201_ES/seed-0_sample-1/context_hidden_seed201_ES_seed-0_sample-1_model.cif,2.9815630692250603,0.7951,0.8553338646888733,0.8306658267974854,0.8356,False,measured,13.616600644922018,1.2305173252947452,1.4876730880130444,1.9206608738204283,1.0559154360017569,1.3647451694880097,1.3947247880754958,13.616600644922018,1.676452707362437,2.0811942179405447,2.0073711771403837,2.3698452464360003,4.233791320604578,1.4267177622259204,3.077232354513106,2.688714314774703,74.76571579553514,16.36699742194326,85.21029881223346,1.3228324372387763,G7-M8,19.890077391851786,16.35665964733132,13.064828712530346,9.745096860618016,7.1952861870291,5.17947207701051,3.077232354513106,6.77028915084324,8.593279231797645,12.652673389207601,15.457766868964857
context_hidden_seed201,context_hidden,201,ES,0,2,measured,1c341f73d98d45209f6708730553b382ad8b9a691195b8b385fddb46303042a5,runtime/experiment/rf3/predictions/context_hidden_seed201_ES/seed-0_sample-2/context_hidden_seed201_ES_seed-0_sample-2_model.cif,2.886275374397378,0.7951,0.8552510142326355,0.8293104767799377,0.8345,False,measured,12.642551544336047,1.2409461914363213,2.503766053933766,2.0453916463002377,1.1257997119300598,1.3559029320187652,1.4696289291791826,12.642551544336047,1.8360201376366498,2.1074516275113497,2.0388037461919746,2.278263773309634,5.089680983859417,1.8431884146866755,2.836648065861208,2.870711616696866,48.793030109431214,15.277041980964942,92.22284673749252,1.318354366038383,G7-M8,20.300368082235277,16.897618362257024,13.687772546135022,10.529286238878353,7.498663183818926,5.606065129572703,2.836648065861208,7.099294015171809,8.75294915528158,12.974983103235264,15.104942947133479
context_hidden_seed201,context_hidden,201,ES,0,3,measured,51ac8abbbab843c08cd6e396aa309b6aad79db37c7f65ae2ccdcdc58fdf89452,runtime/experiment/rf3/predictions/context_hidden_seed201_ES/seed-0_sample-3/context_hidden_seed201_ES_seed-0_sample-3_model.cif,2.5141929347959677,0.7951,0.855572521686554,0.8295907378196716,0.8348,False,measured,13.440782653331977,0.9369374347463441,2.9184307667317086,1.7497034183425135,0.812541258197451,1.1470786463404936,1.2612383185461447,13.440782653331977,1.4550914032215878,2.1701323926398337,2.0345363064063395,2.519693571708149,5.966528167815674,1.8470823943267105,2.9196066873774833,2.8690738263609674,38.36124756836393,15.936278844242773,83.99550528302777,1.3187156538038745,G7-M8,20.05533159882173,16.618951908065462,13.229583577536639,10.059651071822236,7.243966047677506,5.3098896194693195,2.9196066873774833,7.052604938710293,8.684055875020086,12.81039506175455,15.009673975459918
context_hidden_seed201,context_hidden,201,ES,0,4,measured,eb6425b276d3858c0a6fbe850437d04cc85bb4e5803748158c367bae37d2f4cb,runtime/experiment/rf3/predictions/context_hidden_seed201_ES/seed-0_sample-4/context_hidden_seed201_ES_seed-0_sample-4_model.cif,2.68529613688382,0.7951,0.855185866355896,0.8308537006378174,0.8357,False,measured,9.364361344837619,1.2250576021824702,1.0854014939209156,1.5348996205890082,1.024747958641852,1.2354693346577075,1.382917813911873,9.364361344837619,1.5324696282791181,2.0957127208063246,2.066318193084308,2.5509659236751445,2.9675550606374332,2.4687025580752135,2.95292948380269,3.2275953791451593,90.9820391467129,11.384459365444213,144.03809923507458,1.31415971308716,G7-M8,20.201428504173023,16.636209269775307,13.496204915321547,10.093454822124766,7.48076195119314,5.218132959635797,2.95292948380269,6.800808875992441,8.333232314130218,12.422398641608092,15.080357233834487
context_revealed_seed201,context_revealed,201,monomer,0,0,measured,a1cbbf17855944ef98912e2b8038c80bc44813dc009f69968794933eda19b693,runtime/experiment/rf3/predictions/context_revealed_seed201_monomer/seed-0_sample-0/context_revealed_seed201_monomer_seed-0_sample-0_model.cif,13.349534934093079,0.7137,0.6196635365486145,0.0,0.1239,False,,,,,,,,,,,,,,,,,,,,,,,,,,,,,,,,,
context_revealed_seed201,context_revealed,201,monomer,0,1,measured,3624efb14a81b04e36ceb417e8b5e0631569beb177f7a488346659df0eaf4212,runtime/experiment/rf3/predictions/context_revealed_seed201_monomer/seed-0_sample-1/context_revealed_seed201_monomer_seed-0_sample-1_model.cif,13.990540239606647,0.7138,0.6217268705368042,0.0,0.1243,False,,,,,,,,,,,,,,,,,,,,,,,,,,,,,,,,,
context_revealed_seed201,context_revealed,201,monomer,0,2,measured,83981eafcda9d82ea871c1dc5508c911aa29ca232859a2e880b680bb79d13d37,runtime/experiment/rf3/predictions/context_revealed_seed201_monomer/seed-0_sample-2/context_revealed_seed201_monomer_seed-0_sample-2_model.cif,12.846623173091205,0.7137,0.620445966720581,0.0,0.1241,False,,,,,,,,,,,,,,,,,,,,,,,,,,,,,,,,,
context_revealed_seed201,context_revealed,201,monomer,0,3,measured,818c823a7c2b45020c69895057738a1516be331b57a4719e84a4dcf1a514e233,runtime/experiment/rf3/predictions/context_revealed_seed201_monomer/seed-0_sample-3/context_revealed_seed201_monomer_seed-0_sample-3_model.cif,13.957087291042892,0.7138,0.6210615634918213,0.0,0.1242,False,,,,,,,,,,,,,,,,,,,,,,,,,,,,,,,,,
context_revealed_seed201,context_revealed,201,monomer,0,4,measured,230f00ae8e76aa5a534f7e7c41f2718d9c043fb7965b76d01f441b6a6fee0972,runtime/experiment/rf3/predictions/context_revealed_seed201_monomer/seed-0_sample-4/context_revealed_seed201_monomer_seed-0_sample-4_model.cif,12.946166211558443,0.7137,0.6196048259735107,0.0,0.1239,False,,,,,,,,,,,,,,,,,,,,,,,,,,,,,,,,,
context_revealed_seed201,context_revealed,201,ES,0,0,measured,34d1214b758f642f2d8116745d9ec58d71c77b7dcbb43d07c05d6d52af1abb12,runtime/experiment/rf3/predictions/context_revealed_seed201_ES/seed-0_sample-0/context_revealed_seed201_ES_seed-0_sample-0_model.cif,13.970664058506465,0.7587,0.7094075083732605,0.7863143682479858,0.7709,False,measured,23.957024431722594,2.300029185174584,4.267664707845095,1.3022429759883276,2.3726263953993314,23.957024431722594,2.6123739420267724,5.349189240372527,5.815238962636204,2.1564517862018877,2.1120543965792136,23.38048327508653,4.680758314671053,2.0266845584636215,7.416297842206011,5.054650933091516,106.56411627230793,7.09540949787665,155.68866186438083,1.3085296943895426,M9-G10,21.203926441283883,16.89037382506291,16.09573415219999,14.05125387161602,11.134324808202129,10.39251755583962,7.416297842206011,4.083950522635442,3.9242935805724484,8.082310906025606,10.12163369637888
context_revealed_seed201,context_revealed,201,ES,0,1,measured,6c7ddc355c160db32893f109b4840ae708cc2c027ecd37f2c021ef4ccd2ac49f,runtime/experiment/rf3/predictions/context_revealed_seed201_ES/seed-0_sample-1/context_revealed_seed201_ES_seed-0_sample-1_model.cif,14.448306469223228,0.7588,0.7091778516769409,0.7890639305114746,0.7731,False,measured,20.779634231189053,4.490541701501587,6.03925213640952,3.7876968554311685,4.057776980452143,20.779634231189053,4.410620735325631,7.23922345247632,9.06448378249681,2.155148973563413,2.097440411391582,20.46189150981942,5.4985403476421455,1.5559465123920733,8.63237189550208,7.156588407089247,96.92358009366997,15.950264633540165,89.75709885513554,1.2955950303549038,M9-G10,21.595771044018754,17.14752227133153,16.3859395869642,14.421700664684554,11.803850720863949,11.804605391746604,8.63237189550208,6.013749341319607,4.979350174171462,8.787271976739227,9.899600402967005
context_revealed_seed201,context_revealed,201,ES,0,2,measured,f4579b556e90e9128d2cdcd0800c9abdaa5f11c3c4c600a037bc740fc8ac4fa4,runtime/experiment/rf3/predictions/context_revealed_seed201_ES/seed-0_sample-2/context_revealed_seed201_ES_seed-0_sample-2_model.cif,14.569832799725772,0.7586,0.7073863744735718,0.7854655981063843,0.7698,False,measured,19.868657383523935,2.7885148262733095,4.97286834579509,1.980779576238738,2.6078428108051446,19.868657383523935,3.379109870570023,7.075590435804759,8.42144206050437,2.084757750762533,2.1282776569575654,19.644284862563698,6.688775487433407,2.2820135575137486,8.421418880368991,8.70200286705111,82.63959364234418,11.04140692085382,100.26130151362872,1.3170395220220499,M9-G10,22.569430338837563,18.087883333839006,17.40672200630961,15.307384272523947,12.514572549970207,12.081499517251814,8.421418880368991,5.371826178679909,3.096207161932843,4.389778981111157,8.665735216826933
context_revealed_seed201,context_revealed,201,ES,0,3,measured,76db9730f95fa3415de67fc263968f5b787b1f169475d297f20db50628f85945,runtime/experiment/rf3/predictions/context_revealed_seed201_ES/seed-0_sample-3/context_revealed_seed201_ES_seed-0_sample-3_model.cif,14.013109911215164,0.7588,0.7102507948875427,0.7866469025611877,0.7714,False,measured,21.04298477138725,3.6703615590840317,4.971052333783555,2.6764841428853186,3.2028767734390087,21.04298477138725,3.652224435835863,4.1541854724194325,7.00819189482751,2.432432462021324,2.090430628787049,21.27562836887661,5.400732034924209,1.9682359173035127,8.387708971014996,6.056809454892588,111.57022727958785,8.68801157689162,107.13794740513553,1.2961950840856489,M8-M9,19.969169194752673,16.076152704849584,14.809090220332966,13.129827953173802,10.499487860652941,10.782263462905105,8.387708971014996,5.234253104771841,5.938825699666846,9.648852858454445,10.797734543066072
context_revealed_seed201,context_revealed,201,ES,0,4,measured,20bd231e03161e18417fb88e591c0be0ee75732e71cbd3bcbff25a42212bdca6,runtime/experiment/rf3/predictions/context_revealed_seed201_ES/seed-0_sample-4/context_revealed_seed201_ES_seed-0_sample-4_model.cif,14.712620655506674,0.7588,0.7089080214500427,0.7847471833229065,0.7696,False,measured,22.865934207085026,3.287752811941269,4.289687995375218,2.3784928499621505,3.2678193933859694,22.865934207085026,3.534202338551471,5.108173014893597,7.467300471953519,2.1198295017195807,2.0616639219229946,22.718087440930734,4.1902093102007045,1.883447923797947,9.017563195028192,6.863185331603929,100.43052290194373,9.756587580878646,95.34221325833576,1.3076472259560588,M8-M9,20.440155101477938,16.38541958225437,15.716832451384992,14.012622825252082,11.480789890091673,11.686051837654022,9.017563195028192,6.650400831434058,8.448911124754353,8.951553946398509,13.336400785472255
context_hidden_seed202,context_hidden,202,monomer,0,0,measured,50a1d992a18ae1fd95388eb77e2fada18294f5937f0a0982066d20097c628d8c,runtime/experiment/rf3/predictions/context_hidden_seed202_monomer/seed-0_sample-0/context_hidden_seed202_monomer_seed-0_sample-0_model.cif,2.6468672162734723,0.7533,0.697778046131134,0.0,0.1396,False,,,,,,,,,,,,,,,,,,,,,,,,,,,,,,,,,
context_hidden_seed202,context_hidden,202,monomer,0,1,measured,2da22bb9b9fb9754cda76aa7b83e034326ac235c3134d6f32628aadf348a1ff5,runtime/experiment/rf3/predictions/context_hidden_seed202_monomer/seed-0_sample-1/context_hidden_seed202_monomer_seed-0_sample-1_model.cif,2.4490423260820546,0.7533,0.6981514692306519,0.0,0.1396,False,,,,,,,,,,,,,,,,,,,,,,,,,,,,,,,,,
context_hidden_seed202,context_hidden,202,monomer,0,2,measured,b897d5a8da5869b9d6f0c2bfddbfbf74126026ddb59cddfc3fa4a36f56a5282c,runtime/experiment/rf3/predictions/context_hidden_seed202_monomer/seed-0_sample-2/context_hidden_seed202_monomer_seed-0_sample-2_model.cif,3.198232137859091,0.7533,0.6970475316047668,0.0,0.1394,False,,,,,,,,,,,,,,,,,,,,,,,,,,,,,,,,,
context_hidden_seed202,context_hidden,202,monomer,0,3,measured,fc83b9345aa2c996c2e3af80ad33b97e557ca9fa63eaadfe6705b188c7f037c9,runtime/experiment/rf3/predictions/context_hidden_seed202_monomer/seed-0_sample-3/context_hidden_seed202_monomer_seed-0_sample-3_model.cif,3.242635970094032,0.7532,0.6964457035064697,0.0,0.1393,False,,,,,,,,,,,,,,,,,,,,,,,,,,,,,,,,,
context_hidden_seed202,context_hidden,202,monomer,0,4,measured,a42dd6a51bb51659460de41f8a70eb93555428e4592029bc6d39bd88f868b313,runtime/experiment/rf3/predictions/context_hidden_seed202_monomer/seed-0_sample-4/context_hidden_seed202_monomer_seed-0_sample-4_model.cif,2.2185259976798237,0.7534,0.6975415945053101,0.0,0.1395,False,,,,,,,,,,,,,,,,,,,,,,,,,,,,,,,,,
context_hidden_seed202,context_hidden,202,ES,0,0,measured,1636d49d537898af1f2d8ae6d27a833788282367eba5dbf9837b795ddde226b5,runtime/experiment/rf3/predictions/context_hidden_seed202_ES/seed-0_sample-0/context_hidden_seed202_ES_seed-0_sample-0_model.cif,1.4226631556466216,0.8102,0.854362964630127,0.8703404664993286,0.8671,False,measured,11.266397842140593,0.5955493367684568,0.7525296798429151,1.0962146821108132,0.3946695598242999,0.5497987773331792,0.8071541534398528,11.266397842140593,1.3569727204664659,1.996208209040048,2.0860543933226725,2.7166683195481642,2.744508014230614,2.3712992429858115,3.4650418658008277,3.5116931612738087,102.74975126234993,12.89796351523235,47.140695185199284,1.322202374460636,G7-M8,19.64140633443536,16.11720370023842,12.95573837123028,9.572555934454549,7.043008663451309,4.391046310985995,3.4650418658008277,7.0840599010936955,9.323610573129267,13.39134550778543,15.959447067733686
context_hidden_seed202,context_hidden,202,ES,0,1,measured,75c9599290318681a20a638b118003b378a0cff5c79a4cff6e12065aed1bea84,runtime/experiment/rf3/predictions/context_hidden_seed202_ES/seed-0_sample-1/context_hidden_seed202_ES_seed-0_sample-1_model.cif,1.4571875175984408,0.8103,0.8548034429550171,0.8712897896766663,0.868,False,measured,10.278705457430412,0.6461667238884996,0.9153969752613117,1.240573597623725,0.4539065798527521,1.166431956874542,0.83436268465071,10.278705457430412,1.434932349518236,2.0313238245208765,2.0828745823374315,2.8746249975016416,2.555969860873851,2.3263314959282724,3.571605690169807,3.952992167704612,112.46146464795868,11.629289881088797,51.41000060415613,1.327248447696928,G7-M8,19.829247831930612,16.149477132280154,13.140919542462585,9.64620056247875,7.007617770154912,3.7319417426970327,3.571605690169807,6.795704236767896,9.116006660217549,12.940008069116917,15.22083139845525
context_hidden_seed202,context_hidden,202,ES,0,2,measured,7f8bec89fbdeba75ab3f7c7da10f4d310953adcf4804754cf8e8ad276902dab0,runtime/experiment/rf3/predictions/context_hidden_seed202_ES/seed-0_sample-2/context_hidden_seed202_ES_seed-0_sample-2_model.cif,1.4574216989568531,0.8103,0.8547053337097168,0.8708950281143188,0.8677,False,measured,3.63450481721363,0.41750996470453317,0.46580624353640004,1.0369343508006932,0.5029969435686017,0.5735746782032117,0.6621140579804438,3.63450481721363,1.4974471216780612,2.044063496756543,2.075752551246348,2.3882968726512246,3.0094273702220384,2.0318317553497134,3.684729722896981,3.4747676731147106,100.33900733513659,4.444288770609864,141.55832388905134,1.3218862476452444,G7-M8,19.972658645928774,16.12668010005402,13.094177558906988,9.582680591218837,7.107824191482348,4.335262308074238,3.684729722896981,7.037916347152469,9.349427227570404,13.323238917984948,15.967084614032345
context_hidden_seed202,context_hidden,202,ES,0,3,measured,0826550d75b2235721c31544e464d230ffc5bebaf50995d9c3ac713cbcf3296f,runtime/experiment/rf3/predictions/context_hidden_seed202_ES/seed-0_sample-3/context_hidden_seed202_ES_seed-0_sample-3_model.cif,1.6415087326419644,0.8103,0.8550183773040771,0.8720291256904602,0.8686,False,measured,3.6600410352401886,0.7860079818865008,0.9003078391723652,1.2152955013237567,0.596482851085266,0.7667841958588822,0.8711689099734208,3.6600410352401886,1.4189300062147823,2.036589130421364,2.0854094182199763,2.5048219974643473,2.894675856215701,2.160259779631632,3.5921629565660314,3.5796325489967273,105.135493176785,5.476592755553657,131.71362419988333,1.3240100093287201,G7-M8,19.72070358661412,16.046367536022395,12.953510142934345,9.413385282596417,7.052445726799854,4.02309740564012,3.5921629565660314,6.799696276651697,8.894181606162705,12.853937906090609,15.52456554817137
context_hidden_seed202,context_hidden,202,ES,0,4,measured,704947fc6d240465794ad4a7d4d5efaf547e6b6d393c80101ee507e305d3d9c3,runtime/experiment/rf3/predictions/context_hidden_seed202_ES/seed-0_sample-4/context_hidden_seed202_ES_seed-0_sample-4_model.cif,1.6196210552565031,0.8103,0.8552159667015076,0.8712814450263977,0.8681,False,measured,3.676491103139023,0.2637240562758029,0.44106609249858986,0.8374294123029631,0.23514566763195874,1.0540067457218953,0.5822139733802925,3.676491103139023,1.335328708749945,2.077031778255057,2.148690628380179,2.5619191921092033,2.9024901963788707,2.242830682399114,3.5617317311059944,3.252543579346499,104.16224999543321,5.022964818097163,154.89620886556574,1.324254967396023,G7-M8,20.049318540835134,16.425781177526225,13.292828978364998,9.933620755948308,7.273561625160017,4.408733857591633,3.5617317311059944,7.055698108170416,9.261949214564645,13.323148463321543,15.6673724991758
context_revealed_seed202,context_revealed,202,monomer,0,0,measured,d9d250cc1b6b372703894a6f8f2a6a42a35e65854b6de8a276e29502b3edbfa5,runtime/experiment/rf3/predictions/context_revealed_seed202_monomer/seed-0_sample-0/context_revealed_seed202_monomer_seed-0_sample-0_model.cif,7.424196748658352,0.7207,0.5179252624511719,0.0,0.1036,False,,,,,,,,,,,,,,,,,,,,,,,,,,,,,,,,,
context_revealed_seed202,context_revealed,202,monomer,0,1,measured,8fc20f2be4fb33f16a5bddfcebf30c487c028b48e6dcb18739f85fc3d75b4cc7,runtime/experiment/rf3/predictions/context_revealed_seed202_monomer/seed-0_sample-1/context_revealed_seed202_monomer_seed-0_sample-1_model.cif,8.18473272491264,0.7207,0.5176348686218262,0.0,0.1035,False,,,,,,,,,,,,,,,,,,,,,,,,,,,,,,,,,
context_revealed_seed202,context_revealed,202,monomer,0,2,measured,effdfc2b5fcac7686337b9e0a91037f3d29319a76412b61cb419f8e11f14c98a,runtime/experiment/rf3/predictions/context_revealed_seed202_monomer/seed-0_sample-2/context_revealed_seed202_monomer_seed-0_sample-2_model.cif,12.63149607216116,0.7206,0.5194241404533386,0.0,0.1039,False,,,,,,,,,,,,,,,,,,,,,,,,,,,,,,,,,
context_revealed_seed202,context_revealed,202,monomer,0,3,measured,bbf0e854a0a2becadb38d48ba287a32149902d0c9c0180de52ed088c9497b943,runtime/experiment/rf3/predictions/context_revealed_seed202_monomer/seed-0_sample-3/context_revealed_seed202_monomer_seed-0_sample-3_model.cif,12.812100785069061,0.7207,0.5186238288879395,0.0,0.1037,False,,,,,,,,,,,,,,,,,,,,,,,,,,,,,,,,,
context_revealed_seed202,context_revealed,202,monomer,0,4,measured,e82c80b222a54c99bfb70dff4b04143aa465d11b802e393dbfd9d0298c8970c3,runtime/experiment/rf3/predictions/context_revealed_seed202_monomer/seed-0_sample-4/context_revealed_seed202_monomer_seed-0_sample-4_model.cif,7.30123597590523,0.7207,0.5180750489234924,0.0,0.1036,False,,,,,,,,,,,,,,,,,,,,,,,,,,,,,,,,,
context_revealed_seed202,context_revealed,202,ES,0,0,measured,7fe6017f14e867876b8152bd6f2fd0b39eb5e170a938ecf8670bb4260c3e47b2,runtime/experiment/rf3/predictions/context_revealed_seed202_ES/seed-0_sample-0/context_revealed_seed202_ES_seed-0_sample-0_model.cif,9.16550577014086,0.7744,0.6166905760765076,0.704435408115387,0.6869,False,measured,13.030942662247735,4.242141371187346,5.1241490635111555,4.305039585763153,3.967320030383378,13.030942662247735,4.1838899482085745,9.292824534422348,8.273550248086593,1.9893811882413905,2.07208317225858,14.281873996905713,5.676016251556468,1.9116246395362104,7.472464180811539,5.524861775929465,113.2338390668271,14.1318462511595,168.89873816739717,1.2872192955453363,M8-M9,20.224015782550254,16.390649124629753,14.470897091793939,12.554918757065426,9.611250258248079,9.784618658696097,7.472464180811539,5.865852031395797,7.264924696401177,7.164472382060861,10.792826775926628
context_revealed_seed202,context_revealed,202,ES,0,1,measured,0335dea8c87e893daff0ddfddf15a5ba1f95401386103dbebaca400fd24aaded,runtime/experiment/rf3/predictions/context_revealed_seed202_ES/seed-0_sample-1/context_revealed_seed202_ES_seed-0_sample-1_model.cif,9.152564135869065,0.7743,0.6153150200843811,0.6996300220489502,0.6828,False,measured,12.089187943303571,2.9514183598595665,4.4293718123977595,2.925285984590422,2.8415974931531474,12.089187943303571,3.3585695223416927,8.587677777067002,6.160509577114843,2.0048794736423274,2.0856635743840877,12.291891280547745,6.564012612235602,1.826256265294647,6.446001862278088,5.86142617337688,135.8287234150108,13.043470350417866,164.05866277272034,1.29997121171124,M8-M9,20.342575750639483,16.661983962814254,14.676473485244077,12.469824465069626,9.273659183553244,8.409681535193783,6.446001862278088,3.3884176965799044,6.141288364162956,7.909659494910312,9.508011968434952
context_revealed_seed202,context_revealed,202,ES,0,2,measured,f012ff2f7cb45bb4f021a44dfacaa5ccf8a4b9dad381f2dc1043988d4f243b86,runtime/experiment/rf3/predictions/context_revealed_seed202_ES/seed-0_sample-2/context_revealed_seed202_ES_seed-0_sample-2_model.cif,12.442771341023136,0.7742,0.6120944023132324,0.7033199071884155,0.6851,False,measured,16.986661928922924,4.223695391288632,5.888237164235379,3.645277728186756,3.273833580016451,16.986661928922924,4.36003459287749,5.118420913603665,9.003870886841765,2.0743874709655925,1.9938479660496635,19.589242192920405,5.683015380542642,2.0996563335052794,6.46789197262233,5.040964739283265,101.62650941536377,9.629374340984981,165.98343289798703,1.304419583230871,M8-M9,20.292014416007746,16.461059542946952,14.637294571583515,12.701328693154437,9.748599890288682,9.789354038296521,6.46789197262233,3.7600932362843458,4.628238031099659,8.344605803458435,10.121142040392682
context_revealed_seed202,context_revealed,202,ES,0,3,measured,65a8e034b18e60bfa4dd7af542f72e241f4a339260fe8f8dbe88a472106c0e96,runtime/experiment/rf3/predictions/context_revealed_seed202_ES/seed-0_sample-3/context_revealed_seed202_ES_seed-0_sample-3_model.cif,8.97936913554949,0.7744,0.6167711615562439,0.7046444416046143,0.6871,False,measured,13.160003184360027,3.2732518022226227,4.759357456512469,3.2701995643943764,3.165625061775751,12.972267613265279,4.2553882835682595,13.160003184360027,7.693873874074021,1.9935190517817003,2.0407364863726243,13.4696519851347,7.007026820247666,1.8663039604556437,7.722608688001824,7.861151457221429,123.08223764232322,17.45541129560769,105.5010313685953,1.3158739897357268,M8-M9,22.029868271298884,17.901541868406433,16.273730826321312,14.024455684303705,10.941455300533315,10.112548864158311,7.722608688001824,4.244495305527041,7.120127757685567,6.941084902201926,11.642290269098932
context_revealed_seed202,context_revealed,202,ES,0,4,measured,b6f204b75b22c4ee0c16f8846da4a4cc9abab206eb795139cae23d62072ba482,runtime/experiment/rf3/predictions/context_revealed_seed202_ES/seed-0_sample-4/context_revealed_seed202_ES_seed-0_sample-4_model.cif,12.284955812928242,0.7743,0.6132862567901611,0.7036975026130676,0.6856,False,measured,16.882400124840217,4.180130569678871,5.805703247501319,3.9100577424030503,3.526698656014832,16.882400124840217,4.358910447898073,4.857853816491187,10.90001852086085,1.988857503369906,2.0259899654569136,19.227750644165813,6.399899453633021,2.009742519435585,8.053822704513811,7.893813595898594,76.17920948301257,12.019780294360329,164.525163586204,1.3079680347763114,M9-G10,22.101292538914937,18.069201239307517,16.713401817559394,14.675944708458584,11.830481506366317,12.223879323731811,8.053822704513811,5.586180254658549,1.722227664127276,6.114161857695964,7.205601570565761
context_hidden_seed203,context_hidden,203,monomer,0,0,measured,f372e2cfa62f7954bebdc418525e25c90cf06ec500531d510e1500e9e452568f,runtime/experiment/rf3/predictions/context_hidden_seed203_monomer/seed-0_sample-0/context_hidden_seed203_monomer_seed-0_sample-0_model.cif,10.305364775765574,0.675,0.45570918917655945,0.0,0.0911,False,,,,,,,,,,,,,,,,,,,,,,,,,,,,,,,,,
context_hidden_seed203,context_hidden,203,monomer,0,1,measured,5e7e9e3fe47d2510ad41ab48abca83364bf99466e90b78002d4a5e5edd99312b,runtime/experiment/rf3/predictions/context_hidden_seed203_monomer/seed-0_sample-1/context_hidden_seed203_monomer_seed-0_sample-1_model.cif,14.667877537934523,0.6752,0.46482065320014954,0.0,0.093,False,,,,,,,,,,,,,,,,,,,,,,,,,,,,,,,,,
context_hidden_seed203,context_hidden,203,monomer,0,2,measured,090befcaf1eaff1e963124faa9eff79f65fdad3b468371ad03aa931fd94bae08,runtime/experiment/rf3/predictions/context_hidden_seed203_monomer/seed-0_sample-2/context_hidden_seed203_monomer_seed-0_sample-2_model.cif,14.389404983583347,0.6753,0.4648895263671875,0.0,0.093,False,,,,,,,,,,,,,,,,,,,,,,,,,,,,,,,,,
context_hidden_seed203,context_hidden,203,monomer,0,3,measured,1ab9f79de12c25e087f528b7c2a817e9b43925f798261476613db2781c43600a,runtime/experiment/rf3/predictions/context_hidden_seed203_monomer/seed-0_sample-3/context_hidden_seed203_monomer_seed-0_sample-3_model.cif,16.51382317996211,0.6752,0.45703235268592834,0.0,0.0914,False,,,,,,,,,,,,,,,,,,,,,,,,,,,,,,,,,
context_hidden_seed203,context_hidden,203,monomer,0,4,measured,3bede475975d085c505069868a6a2ce45a3ad1c2ec0259f3fb7547af1cca570f,runtime/experiment/rf3/predictions/context_hidden_seed203_monomer/seed-0_sample-4/context_hidden_seed203_monomer_seed-0_sample-4_model.cif,15.701691210272667,0.6752,0.45661094784736633,0.0,0.0913,False,,,,,,,,,,,,,,,,,,,,,,,,,,,,,,,,,
context_hidden_seed203,context_hidden,203,ES,0,0,measured,3cce142d8e7ada5383fdfc2b2676e32bffca60b6d69c6f1a181070b8e34de8f1,runtime/experiment/rf3/predictions/context_hidden_seed203_ES/seed-0_sample-0/context_hidden_seed203_ES_seed-0_sample-0_model.cif,1.7778085278946356,0.7926,0.860137939453125,0.8363224267959595,0.8411,False,measured,4.5543843620822075,0.5760922456655051,0.9763012080531118,0.8433745548274618,0.5745692158060346,0.5889142230263866,1.0120482165836837,4.5543843620822075,2.1055230098293554,2.0309942586941245,2.131086093829088,2.3140928489588806,3.1236630848113722,2.0565101007505837,4.211428442034853,3.3491044909037906,89.8834903793709,7.121291663045988,115.6257147718847,1.317577716860838,G7-M8,20.29104661389272,16.603775644266896,13.74800022667732,10.345159754664982,7.9314315760525345,5.734523302463635,4.211428442034853,6.999252348945277,8.392117105737622,12.413806504548527,14.649004238005565
context_hidden_seed203,context_hidden,203,ES,0,1,measured,63b2ed22e45033518b8b9632cffedd64512f7ba3841956152fafeb9a7bcd7533,runtime/experiment/rf3/predictions/context_hidden_seed203_ES/seed-0_sample-1/context_hidden_seed203_ES_seed-0_sample-1_model.cif,1.8610188726761814,0.7926,0.8603534698486328,0.8367419242858887,0.8415,False,measured,3.376788691355159,0.817210432170988,0.8055668117617141,0.8427578179019449,0.6932846736681094,0.6094930255554686,0.9280139521140165,3.376788691355159,1.3999180480808335,2.0155842866422127,2.0785759690821033,2.1496059598995956,3.086815958947336,2.151769494228539,4.025986120743691,3.7156225286533324,103.39153119293825,5.563530257448895,121.73995292469668,1.3150514266727371,G7-M8,19.667163551118957,15.712277818362153,13.138990398647499,9.22854111820948,7.035178741125011,4.582406462754241,4.025986120743691,7.2601510117595005,9.510995050015278,13.364424347339773,16.048570972202
context_hidden_seed203,context_hidden,203,ES,0,2,measured,0280228919b19e0f74eada9494402dd7702c5c1713355961ed6d2bc48007612b,runtime/experiment/rf3/predictions/context_hidden_seed203_ES/seed-0_sample-2/context_hidden_seed203_ES_seed-0_sample-2_model.cif,1.4096508098504335,0.7926,0.860457181930542,0.8368925452232361,0.8416,False,measured,4.723544396088637,0.47421864079599324,0.4793495360204962,0.6470970246410505,0.35033046122475375,0.37943788807300477,0.8436015851819517,4.723544396088637,1.3516823564310523,2.0466302935174507,2.143206236191259,2.334093063129217,3.114045742643923,2.048568687732214,3.910089222540415,3.3056698863704117,92.9072116217747,7.0439541286271075,100.25814639729978,1.3261207304784184,G7-M8,20.089533210437363,16.096881670713785,13.660806489575615,9.944302824351594,7.56284348908098,5.011305875624687,3.910089222540415,7.155809268812544,9.141302832898543,12.841980932866255,16.353799247520303
context_hidden_seed203,context_hidden,203,ES,0,3,measured,eed096e29ec4dfa51f5faad637219cbc5d3bfb5af46ff7098d4c904caa5c7393,runtime/experiment/rf3/predictions/context_hidden_seed203_ES/seed-0_sample-3/context_hidden_seed203_ES_seed-0_sample-3_model.cif,1.5341066191253632,0.7926,0.8600693345069885,0.8356224298477173,0.8405,False,measured,6.691400483574537,0.27035313066667643,0.4834717867425562,0.6645516133621424,0.4402765226952078,1.1692742288127067,0.49220509705877696,6.691400483574537,1.5393707811674076,2.055607430680205,2.1238544427978083,2.3960692086192923,2.9270221657169264,2.1541385018390136,3.989327233249159,3.40175393827849,101.87500060441174,8.408487320341383,93.40849222822801,1.318343887367394,G7-M8,19.912643748778123,16.411905320204852,13.490955427597704,10.097873266488108,7.622857938307645,5.171751339570054,3.989327233249159,6.893674778363192,8.666056011787205,12.767965373177056,15.11838387721731
context_hidden_seed203,context_hidden,203,ES,0,4,measured,e8fdf1c33ae34f31d6158003ee1e15ade02c39410a0d7dd16b771fb1c3113d7f,runtime/experiment/rf3/predictions/context_hidden_seed203_ES/seed-0_sample-4/context_hidden_seed203_ES_seed-0_sample-4_model.cif,1.8615925724696405,0.7925,0.860303521156311,0.8378695845603943,0.8424,False,measured,11.841982937775148,0.3926106124875333,0.37563584584859594,0.499266048614159,0.3983958225081699,0.43999374070482755,0.6490386152377651,11.841982937775148,1.3708082746303871,2.057559261589484,2.134322808613571,2.3584045283780863,2.991819272880929,2.0253205267645775,4.033450481812832,3.36167262368285,99.71822122485001,13.832122050940628,51.14494523262185,1.3247245687494253,G7-M8,19.86297855420124,15.998917007223657,13.578135691056117,9.952175694155896,7.426803665414114,4.924943317383877,4.033450481812832,7.075569547755115,8.95921241639383,13.003576511587694,16.016840144510194
context_revealed_seed203,context_revealed,203,monomer,0,0,measured,cecb895be7622fd176dbd4fa56806c4749f482995047dc7eacb630d0202e7feb,runtime/experiment/rf3/predictions/context_revealed_seed203_monomer/seed-0_sample-0/context_revealed_seed203_monomer_seed-0_sample-0_model.cif,14.476957536842917,0.7159,0.5615469217300415,0.0,0.1123,False,,,,,,,,,,,,,,,,,,,,,,,,,,,,,,,,,
context_revealed_seed203,context_revealed,203,monomer,0,1,measured,f3c10013b6e66a1a82e7e9a2c85deec823c1f995f8f6edfe7aada973021f6b6b,runtime/experiment/rf3/predictions/context_revealed_seed203_monomer/seed-0_sample-1/context_revealed_seed203_monomer_seed-0_sample-1_model.cif,14.054297301927512,0.7159,0.5618981719017029,0.0,0.1124,False,,,,,,,,,,,,,,,,,,,,,,,,,,,,,,,,,
context_revealed_seed203,context_revealed,203,monomer,0,2,measured,665272bf8fb0af8ab2b7efbf72b998ac39617c995bd114e1f1f9755002c7e892,runtime/experiment/rf3/predictions/context_revealed_seed203_monomer/seed-0_sample-2/context_revealed_seed203_monomer_seed-0_sample-2_model.cif,12.042021993080887,0.7162,0.5626236796379089,0.0,0.1125,False,,,,,,,,,,,,,,,,,,,,,,,,,,,,,,,,,
context_revealed_seed203,context_revealed,203,monomer,0,3,measured,eac4b3bb92681661b3a58b580c7dfbc9e82deb99663f6771d7a014bb5713560f,runtime/experiment/rf3/predictions/context_revealed_seed203_monomer/seed-0_sample-3/context_revealed_seed203_monomer_seed-0_sample-3_model.cif,13.115275163625501,0.7164,0.5628252625465393,0.0,0.1126,False,,,,,,,,,,,,,,,,,,,,,,,,,,,,,,,,,
context_revealed_seed203,context_revealed,203,monomer,0,4,measured,cf45d091834e7c3a29e404ff92f79fd490a5271f762dcff3443742335bb8e991,runtime/experiment/rf3/predictions/context_revealed_seed203_monomer/seed-0_sample-4/context_revealed_seed203_monomer_seed-0_sample-4_model.cif,15.285480134121899,0.7161,0.563159167766571,0.0,0.1126,False,,,,,,,,,,,,,,,,,,,,,,,,,,,,,,,,,
context_revealed_seed203,context_revealed,203,ES,0,0,measured,09315593539e6bfe306bf8f0ac805fa9f0707ebad8883c201c51795307011d6d,runtime/experiment/rf3/predictions/context_revealed_seed203_ES/seed-0_sample-0/context_revealed_seed203_ES_seed-0_sample-0_model.cif,14.483017956577385,0.7596,0.6836333274841309,0.7562243342399597,0.7417,False,measured,20.977209889550952,2.5760932958872163,4.78174264099635,1.570811376808919,2.0411271607361643,20.977209889550952,1.8247711034079266,3.749050251136199,2.2949134733371865,2.1659203129856466,2.025151532806921,19.62508489073667,5.643942521220585,1.697430378792001,3.7597616734560346,3.4371334340364648,35.98998869805858,4.493426918539269,76.4551773908667,1.3175735675507374,G7-M8,20.304892111074782,16.763017283576065,13.620757706771542,10.221739860279452,7.0448581625765705,5.712692704384909,3.7597616734560346,7.61150961636348,9.258792441313618,13.360260931533428,13.52502650850833
context_revealed_seed203,context_revealed,203,ES,0,1,measured,5d766982097adecc51a5374da84523d9d0435c6f2eab67f8a609cea0e9efbf62,runtime/experiment/rf3/predictions/context_revealed_seed203_ES/seed-0_sample-1/context_revealed_seed203_ES_seed-0_sample-1_model.cif,15.36922185676275,0.7599,0.6851546764373779,0.7551707029342651,0.7412,False,measured,19.660109761976955,3.08823664659362,5.74192250944104,2.306445403772966,2.519326755445743,19.660109761976955,2.1087198643131537,4.085452508013819,4.538509436291022,2.296075342881677,2.088038208165189,16.45236524809841,5.94330708875878,1.8188961308743878,5.804035234684342,4.463292803118853,142.9746873922401,7.19238063716227,121.99127395028192,1.2815474592785505,W6-G7,17.850424552034774,14.538073549573847,11.113112936324459,8.147859576896428,5.945749206137926,2.1337027077716932,5.804035234684342,7.323954560842318,11.552906513945745,13.903025581758332,17.894375899969265
context_revealed_seed203,context_revealed,203,ES,0,2,measured,d95bc36eb10603ac8a6c6b2b4964752285b6e5ffb271fcced7c14449441cf97a,runtime/experiment/rf3/predictions/context_revealed_seed203_ES/seed-0_sample-2/context_revealed_seed203_ES_seed-0_sample-2_model.cif,16.03183645140129,0.7598,0.6827731728553772,0.7597489356994629,0.7444,False,measured,22.88169696348246,4.869868685098328,5.12175089284621,2.8179273017965256,2.9765090051618843,22.88169696348246,2.6138669837813535,11.136787318403401,3.098307488019855,2.418705962377826,2.4577124864246263,21.27780265652436,5.0005993746439,2.3735741142268845,5.617790218251408,4.1488504335732035,49.27352543123844,11.228086115804137,34.26894343111094,1.3258447407941554,G7-M8,21.209298730598714,17.75332930076426,14.759045610499765,11.67274717380811,8.440057960030705,7.614257390103479,5.617790218251408,9.08443362812767,9.8917930786045,13.986362583083794,15.48387292470081
context_revealed_seed203,context_revealed,203,ES,0,3,measured,619bbd85dfdce75c45a417dc7fbdb9034ed8d3e850fd82f403f9ef208e543de9,runtime/experiment/rf3/predictions/context_revealed_seed203_ES/seed-0_sample-3/context_revealed_seed203_ES_seed-0_sample-3_model.cif,14.616743632097696,0.7597,0.67621910572052,0.751756489276886,0.7366,False,measured,10.46251884812208,3.4036140035453153,3.853049828916554,3.3688294269056542,3.609422200621274,10.46251884812208,3.3912148981954093,3.646816640865784,6.085994608502796,2.0996899480491686,2.1239534859708202,11.7189985483689,5.153222443039897,1.5753783707231892,9.78748821234033,9.318602379709526,74.15406797585317,8.357226487808342,86.17618618267511,1.317648769124196,S5-W6,12.02427285448029,9.652182518947113,5.832780876627058,5.481311857622186,3.4916623823220103,8.106118265310894,9.78748821234033,14.060317426031599,16.5861890966176,19.994890564659258,21.947945259065204
context_revealed_seed203,context_revealed,203,ES,0,4,measured,90f9a3242202edb05951103a3199680872b843160f1bbd2c893deac3b6e76dbe,runtime/experiment/rf3/predictions/context_revealed_seed203_ES/seed-0_sample-4/context_revealed_seed203_ES_seed-0_sample-4_model.cif,11.10611401837247,0.7596,0.6757371425628662,0.7544481158256531,0.7387,False,measured,13.772904909905593,6.132323180530589,5.936764217643384,5.2015396102672735,5.710105869720129,12.67885798283482,5.093196971089094,13.772904909905593,3.3818778336768096,2.016364244950697,2.0738320104778794,18.326479018659015,5.546970871627749,1.7279814552536732,6.933176695302209,5.117362450161575,137.26049084606632,16.46986216578305,27.09098645382808,1.324748509274479,W6-G7,16.991386613925084,13.758612050549011,10.426610956632318,7.232125069333567,5.454916427616247,3.5847724868931015,6.933176695302209,8.409574197482874,12.605897955363622,13.782004797011382,18.199766020983272
