afdb_A0A1M6T2I7_v6	afdb_Q9XBQ8_v6	4.252E-01	4.758E-01	7.039E-01	0.254	42
afdb_A0A1M6T2I7_v6	afdb_P0AEZ1_v6	3.638E-01	5.304E-01	5.647E-01	0.150	36
afdb_A0A1M6T2I7_v6	afdb_P03958_v6	3.908E-01	4.961E-01	5.376E-01	0.196	39
afdb_A0A1M6T2I7_v6	afdb_P0A6C1_v6	3.431E-01	5.151E-01	5.340E-01	0.126	34
afdb_A0A1M6T2I7_v6	afdb_Q9FEW9_v6	3.854E-01	4.455E-01	4.481E-01	0.179	38
afdb_A0A1M6T2I7_v6	afdb_P05414_v6	3.679E-01	4.474E-01	5.047E-01	0.150	36
afdb_A0A1M6T2I7_v6	afdb_Q02899_v6	3.759E-01	4.313E-01	4.339E-01	0.164	37
afdb_A0A1M6T2I7_v6	afdb_P05020_v6	3.544E-01	4.493E-01	4.582E-01	0.138	35
afdb_A0A1M6T2I7_v6	afdb_P39377_v6	3.682E-01	4.265E-01	4.758E-01	0.150	36
afdb_A0A1M6T2I7_v6	afdb_Q8RB32_v6	2.916E-01	4.892E-01	5.200E-01	0.082	29
afdb_A0A1M6T2I7_v6	afdb_P18314_v6	3.908E-01	3.387E-01	4.126E-01	0.196	39
afdb_A0A1M6T2I7_v6	afdb_P42593_v6	4.056E-01	3.050E-01	4.414E-01	0.214	40
afdb_A0A1M6T2I7_v6	afdb_P16444_v6	3.362E-01	3.737E-01	4.376E-01	0.116	33
afdb_A0A1M6T2I7_v6	afdb_P05521_v6	2.935E-01	4.140E-01	4.299E-01	0.082	29
afdb_A0A1M6T2I7_v6	afdb_P37957_v6	2.435E-01	4.542E-01	4.844E-01	0.051	24
afdb_A0A1M6T2I7_v6	afdb_P00639_v6	2.817E-01	4.130E-01	4.479E-01	0.076	28
afdb_A0A1M6T2I7_v6	afdb_P52700_v6	2.818E-01	4.081E-01	4.478E-01	0.076	28
afdb_A0A1M6T2I7_v6	afdb_P09030_v6	2.692E-01	4.107E-01	4.640E-01	0.063	26
afdb_A0A1M6T2I7_v6	afdb_P00860_v6	3.347E-01	3.409E-01	3.660E-01	0.116	33
afdb_A0A1M6T2I7_v6	afdb_P16099_v6	3.964E-01	2.769E-01	4.353E-01	0.196	39
afdb_A0A1M6T2I7_v6	afdb_Q29460_v6	2.409E-01	4.316E-01	5.229E-01	0.051	24
afdb_A0A1M6T2I7_v6	afdb_Q58989_v6	2.281E-01	4.255E-01	4.329E-01	0.040	22
afdb_A0A1M6T2I7_v6	afdb_Q75WN8_v6	2.588E-01	3.817E-01	4.106E-01	0.057	25
afdb_A0A1M6T2I7_v6	afdb_Q9UMR5_v6	2.639E-01	3.760E-01	4.040E-01	0.063	26
afdb_A0A1M6T2I7_v6	afdb_P04190_v6	2.482E-01	3.882E-01	4.199E-01	0.051	24
afdb_A0A1M6T2I7_v6	afdb_P25910_v6	2.455E-01	3.898E-01	4.106E-01	0.051	24
afdb_A0A1M6T2I7_v6	afdb_P00590_v6	2.246E-01	4.029E-01	4.668E-01	0.040	22
afdb_A0A1M6T2I7_v6	afdb_P53608_v6	2.626E-01	3.632E-01	3.796E-01	0.063	26
afdb_A0A1M6T2I7_v6	afdb_P45478_v6	2.585E-01	3.656E-01	4.017E-01	0.057	25
afdb_A0A1M6T2I7_v6	afdb_Q00017_v6	2.351E-01	3.869E-01	4.073E-01	0.045	23
afdb_A0A1M6T2I7_v6	afdb_P22394_v6	3.308E-01	2.919E-01	3.924E-01	0.116	33
afdb_A0A1M6T2I7_v6	afdb_P00935_v6	2.871E-01	3.327E-01	3.454E-01	0.076	28
afdb_A0A1M6T2I7_v6	afdb_Q12178_v6	1.782E-01	4.406E-01	4.993E-01	0.016	17
afdb_A0A1M6T2I7_v6	afdb_P95468_v6	2.859E-01	3.255E-01	3.652E-01	0.076	28
afdb_A0A1M6T2I7_v6	afdb_P00175_v6	3.307E-01	2.762E-01	4.387E-01	0.116	33
afdb_A0A1M6T2I7_v6	afdb_P24630_v6	2.938E-01	3.123E-01	3.779E-01	0.082	29
afdb_A0A1M6T2I7_v6	afdb_O58727_v6	1.870E-01	4.177E-01	4.195E-01	0.020	18
afdb_A0A1M6T2I7_v6	afdb_Q3HWU8_v6	2.407E-01	3.640E-01	3.887E-01	0.051	24
afdb_A0A1M6T2I7_v6	afdb_Q6LZM9_v6	2.933E-01	3.101E-01	3.192E-01	0.082	29
afdb_A0A1M6T2I7_v6	afdb_P96965_v6	2.428E-01	3.589E-01	3.916E-01	0.051	24
afdb_A0A1M6T2I7_v6	afdb_Q28943_v6	3.929E-01	2.082E-01	3.968E-01	0.196	39
afdb_A0A1M6T2I7_v6	afdb_P37967_v6	3.041E-01	2.962E-01	3.720E-01	0.090	30
afdb_A0A1M6T2I7_v6	afdb_P16932_v6	2.893E-01	3.076E-01	3.758E-01	0.076	28
afdb_A0A1M6T2I7_v6	afdb_O31156_v6	2.359E-01	3.604E-01	3.751E-01	0.045	23
afdb_A0A1M6T2I7_v6	afdb_P12995_v6	2.868E-01	3.072E-01	3.716E-01	0.076	28
afdb_A0A1M6T2I7_v6	afdb_P83772_v6	2.270E-01	3.637E-01	3.667E-01	0.040	22
afdb_A0A1M6T2I7_v6	afdb_P27170_v6	2.669E-01	3.238E-01	3.663E-01	0.063	26
afdb_A0A1M6T2I7_v6	afdb_P12998_v6	2.721E-01	3.154E-01	3.601E-01	0.069	27
afdb_A0A1M6T2I7_v6	afdb_Q16775_v6	2.495E-01	3.354E-01	3.611E-01	0.051	24
afdb_A0A1M6T2I7_v6	afdb_P52279_v6	2.463E-01	3.385E-01	3.910E-01	0.051	24
afdb_A0A1M6T2I7_v6	afdb_P10688_v6	3.433E-01	2.388E-01	3.459E-01	0.126	34
afdb_A0A1M6T2I7_v6	afdb_P15289_v6	2.964E-01	2.821E-01	3.334E-01	0.082	29
afdb_A0A1M6T2I7_v6	afdb_P00183_v6	2.752E-01	3.018E-01	3.250E-01	0.069	27
afdb_A0A1M6T2I7_v6	afdb_O59791_v6	2.481E-01	3.289E-01	3.468E-01	0.051	24
afdb_A0A1M6T2I7_v6	afdb_P30850_v6	3.206E-01	2.554E-01	3.234E-01	0.106	32
afdb_A0A1M6T2I7_v6	afdb_P23295_v6	2.707E-01	3.035E-01	3.241E-01	0.069	27
afdb_A0A1M6T2I7_v6	afdb_P0A1E3_v6	2.458E-01	3.284E-01	3.400E-01	0.051	24
afdb_A0A1M6T2I7_v6	afdb_A5JUY8_v6	3.248E-01	2.381E-01	3.931E-01	0.106	32
afdb_A0A1M6T2I7_v6	afdb_P07003_v6	3.008E-01	2.607E-01	3.550E-01	0.090	30
afdb_A0A1M6T2I7_v6	afdb_F8W4B7_v6	3.689E-01	1.918E-01	3.894E-01	0.150	36
afdb_A0A1M6T2I7_v6	afdb_P43099_v6	3.238E-01	2.348E-01	3.353E-01	0.106	32
afdb_A0A1M6T2I7_v6	afdb_P77444_v6	2.637E-01	2.925E-01	3.205E-01	0.063	26
afdb_A0A1M6T2I7_v6	afdb_P83788_v6	2.662E-01	2.893E-01	3.083E-01	0.063	26
afdb_A0A1M6T2I7_v6	afdb_Q00441_v6	2.629E-01	2.928E-01	3.148E-01	0.063	26
afdb_A0A1M6T2I7_v6	afdb_P21836_v6	3.032E-01	2.475E-01	3.260E-01	0.090	30
afdb_A0A1M6T2I7_v6	afdb_P0CE47_v6	2.536E-01	2.906E-01	3.820E-01	0.057	25
afdb_A0A1M6T2I7_v6	afdb_P55038_v6	3.911E-01	1.504E-01	4.018E-01	0.196	39
afdb_A0A1M6T2I7_v6	afdb_Q7ZAG8_v6	2.583E-01	2.843E-01	3.191E-01	0.057	25
afdb_A0A1M6T2I7_v6	afdb_P30122_v6	2.927E-01	2.483E-01	3.487E-01	0.082	29
afdb_A0A1M6T2I7_v6	afdb_P28796_v6	2.695E-01	2.714E-01	3.266E-01	0.063	26
afdb_A0A1M6T2I7_v6	afdb_P31013_v6	2.662E-01	2.725E-01	2.928E-01	0.063	26
afdb_A0A1M6T2I7_v6	afdb_P09184_v6	1.557E-01	3.824E-01	4.188E-01	0.011	15
afdb_A0A1M6T2I7_v6	afdb_P53041_v6	2.742E-01	2.638E-01	2.781E-01	0.069	27
afdb_A0A1M6T2I7_v6	afdb_P37062_v6	2.642E-01	2.736E-01	3.359E-01	0.063	26
afdb_A0A1M6T2I7_v6	afdb_P71119_v6	1.938E-01	3.404E-01	3.570E-01	0.024	19
afdb_A0A1M6T2I7_v6	afdb_P00914_v6	2.663E-01	2.663E-01	3.244E-01	0.063	26
afdb_A0A1M6T2I7_v6	afdb_P00392_v6	2.826E-01	2.508E-01	3.541E-01	0.076	28
afdb_A0A1M6T2I7_v6	afdb_P0AB77_v6	2.499E-01	2.820E-01	3.210E-01	0.051	24
afdb_A0A1M6T2I7_v6	afdb_Q05769_v6	2.897E-01	2.413E-01	3.315E-01	0.076	28
afdb_A0A1M6T2I7_v6	afdb_P48534_v6	2.061E-01	3.232E-01	3.793E-01	0.029	20
afdb_A0A1M6T2I7_v6	afdb_P56218_v6	2.196E-01	3.091E-01	3.327E-01	0.034	21
afdb_A0A1M6T2I7_v6	afdb_Q05755_v6	3.826E-01	1.446E-01	4.597E-01	0.179	38
afdb_A0A1M6T2I7_v6	afdb_P22266_v6	2.321E-01	2.949E-01	3.571E-01	0.045	23
afdb_A0A1M6T2I7_v6	afdb_P37063_v6	2.870E-01	2.394E-01	3.408E-01	0.076	28
afdb_A0A1M6T2I7_v6	afdb_P06621_v6	2.500E-01	2.743E-01	2.970E-01	0.051	24
afdb_A0A1M6T2I7_v6	afdb_P00489_v6	3.195E-01	2.044E-01	3.249E-01	0.098	31
afdb_A0A1M6T2I7_v6	afdb_P35049_v6	2.022E-01	3.205E-01	3.334E-01	0.029	20
afdb_A0A1M6T2I7_v6	afdb_P24474_v6	2.798E-01	2.426E-01	3.703E-01	0.069	27
afdb_A0A1M6T2I7_v6	afdb_P0A9P4_v6	2.262E-01	2.966E-01	3.142E-01	0.040	22
afdb_A0A1M6T2I7_v6	afdb_P08819_v6	2.548E-01	2.671E-01	3.630E-01	0.057	25
afdb_A0A1M6T2I7_v6	afdb_P07511_v6	2.627E-01	2.584E-01	2.930E-01	0.063	26
afdb_A0A1M6T2I7_v6	afdb_P08165_v6	2.639E-01	2.565E-01	2.969E-01	0.063	26
afdb_A0A1M6T2I7_v6	afdb_Q9L9D7_v6	2.784E-01	2.379E-01	4.674E-01	0.069	27
afdb_A0A1M6T2I7_v6	afdb_P09598_v6	2.112E-01	3.054E-01	3.500E-01	0.034	21
afdb_A0A1M6T2I7_v6	afdb_P00750_v6	2.721E-01	2.403E-01	2.845E-01	0.069	27
afdb_A0A1M6T2I7_v6	afdb_P23687_v6	2.942E-01	2.159E-01	3.035E-01	0.082	29
afdb_A0A1M6T2I7_v6	afdb_P83686_v6	2.045E-01	3.048E-01	3.094E-01	0.029	20
afdb_A0A1M6T2I7_v6	afdb_P09367_v6	2.291E-01	2.773E-01	3.014E-01	0.040	22
afdb_A0A1M6T2I7_v6	afdb_Q01693_v6	2.579E-01	2.461E-01	3.162E-01	0.057	25
afdb_A0A1M6T2I7_v6	afdb_P00396_v6	2.584E-01	2.434E-01	3.262E-01	0.057	25
afdb_A0A1M6T2I7_v6	afdb_P56200_v6	2.016E-01	2.977E-01	3.157E-01	0.029	20
afdb_A0A1M6T2I7_v6	afdb_P0A6K3_v6	1.597E-01	3.386E-01	3.412E-01	0.011	15
afdb_A0A1M6T2I7_v6	afdb_O33199_v6	1.741E-01	3.216E-01	3.227E-01	0.016	17
afdb_A0A1M6T2I7_v6	afdb_Q6UV28_v6	1.419E-01	3.509E-01	4.193E-01	0.010	14
afdb_A0A1M6T2I7_v6	afdb_P28305_v6	2.003E-01	2.940E-01	3.278E-01	0.024	19
afdb_A0A1M6T2I7_v6	afdb_P29474_v6	3.252E-01	1.606E-01	3.401E-01	0.106	32
afdb_A0A1M6T2I7_v6	afdb_P27487_v6	2.838E-01	1.981E-01	2.984E-01	0.076	28
afdb_A0A1M6T2I7_v6	afdb_P19938_v6	1.967E-01	2.850E-01	2.919E-01	0.024	19
afdb_A0A1M6T2I7_v6	afdb_P00388_v6	2.747E-01	2.082E-01	3.155E-01	0.069	27
afdb_A0A1M6T2I7_v6	afdb_P09960_v6	2.623E-01	2.187E-01	3.019E-01	0.063	26
afdb_A0A1M6T2I7_v6	afdb_Q56839_v6	2.476E-01	2.307E-01	2.903E-01	0.051	24
afdb_A0A1M6T2I7_v6	afdb_P00390_v6	2.459E-01	2.292E-01	2.973E-01	0.051	24
afdb_A0A1M6T2I7_v6	afdb_Q9NPB1_v6	1.748E-01	2.907E-01	3.077E-01	0.016	17
afdb_A0A1M6T2I7_v6	afdb_P81054_v6	2.053E-01	2.568E-01	2.886E-01	0.029	20
afdb_A0A1M6T2I7_v6	afdb_O16025_v6	2.948E-01	1.594E-01	3.071E-01	0.082	29
afdb_A0A1M6T2I7_v6	afdb_Q6YBS3_v6	2.498E-01	2.001E-01	2.857E-01	0.051	24
afdb_A0A1M6T2I7_v6	afdb_P96086_v6	2.794E-01	1.567E-01	2.918E-01	0.069	27
afdb_A0A1M6T2I7_v6	afdb_P00455_v6	1.985E-01	2.363E-01	2.484E-01	0.024	19
afdb_A0A1M6T2I7_v6	afdb_P05725_v6	1.352E-01	2.923E-01	3.237E-01	0.009	13
afdb_A0A1M6T2I7_v6	afdb_Q94702_v6	1.364E-01	2.890E-01	3.090E-01	0.009	13
afdb_A0A1M6T2I7_v6	afdb_Q50925_v6	2.267E-01	1.982E-01	2.650E-01	0.040	22
afdb_A0A1M6T2I7_v6	afdb_P10844_v6	2.881E-01	1.324E-01	2.960E-01	0.076	28
afdb_A0A1M6T2I7_v6	afdb_P12821_v6	2.718E-01	1.259E-01	2.746E-01	0.069	27
afdb_C7C422_v6	afdb_P25910_v6	7.806E-01	8.432E-01	9.206E-01	0.978	78
afdb_C7C422_v6	afdb_P04190_v6	7.687E-01	8.057E-01	9.222E-01	0.971	76
afdb_C7C422_v6	afdb_P52700_v6	6.412E-01	6.013E-01	7.544E-01	0.855	64
afdb_C7C422_v6	afdb_Q16775_v6	6.221E-01	5.535E-01	7.351E-01	0.817	62
afdb_C7C422_v6	afdb_P53608_v6	4.004E-01	3.718E-01	4.576E-01	0.214	40
afdb_C7C422_v6	afdb_P13717_v6	3.611E-01	3.647E-01	4.052E-01	0.150	36
afdb_C7C422_v6	afdb_P05521_v6	3.681E-01	3.361E-01	4.328E-01	0.150	36
afdb_C7C422_v6	afdb_P00639_v6	3.573E-01	3.458E-01	4.014E-01	0.138	35
afdb_C7C422_v6	afdb_O58727_v6	2.991E-01	4.036E-01	4.283E-01	0.082	29
afdb_C7C422_v6	afdb_P0AEZ1_v6	3.603E-01	3.376E-01	4.155E-01	0.150	36
afdb_C7C422_v6	afdb_P09030_v6	3.442E-01	3.461E-01	4.268E-01	0.126	34
afdb_C7C422_v6	afdb_P0A1E3_v6	3.666E-01	3.210E-01	4.182E-01	0.150	36
afdb_C7C422_v6	afdb_Q12178_v6	2.743E-01	4.048E-01	4.571E-01	0.069	27
afdb_C7C422_v6	afdb_P83686_v6	3.383E-01	3.366E-01	3.925E-01	0.116	33
afdb_C7C422_v6	afdb_P05020_v6	3.679E-01	3.081E-01	4.256E-01	0.150	36
afdb_C7C422_v6	afdb_Q9FEW9_v6	3.834E-01	2.919E-01	4.321E-01	0.179	38
afdb_C7C422_v6	afdb_P00455_v6	3.745E-01	2.990E-01	4.191E-01	0.164	37
afdb_C7C422_v6	afdb_P27170_v6	3.704E-01	3.026E-01	4.287E-01	0.164	37
afdb_C7C422_v6	afdb_Q02899_v6	3.848E-01	2.864E-01	4.412E-01	0.179	38
afdb_C7C422_v6	afdb_Q8RB32_v6	3.231E-01	3.475E-01	3.738E-01	0.106	32
afdb_C7C422_v6	afdb_Q75WN8_v6	3.403E-01	3.271E-01	4.111E-01	0.126	34
afdb_C7C422_v6	afdb_Q6UV28_v6	2.612E-01	4.051E-01	4.687E-01	0.063	26
afdb_C7C422_v6	afdb_P52279_v6	3.500E-01	3.135E-01	4.288E-01	0.138	35
afdb_C7C422_v6	afdb_P08819_v6	3.830E-01	2.595E-01	4.557E-01	0.179	38
afdb_C7C422_v6	afdb_Q00017_v6	3.106E-01	3.257E-01	3.385E-01	0.090	30
afdb_C7C422_v6	afdb_Q58989_v6	2.889E-01	3.430E-01	3.919E-01	0.076	28
afdb_C7C422_v6	afdb_P04042_v6	3.455E-01	2.850E-01	4.128E-01	0.126	34
afdb_C7C422_v6	afdb_P56218_v6	3.233E-01	3.043E-01	3.549E-01	0.106	32
afdb_C7C422_v6	afdb_Q9UMR5_v6	3.265E-01	3.008E-01	4.288E-01	0.106	32
afdb_C7C422_v6	afdb_Q9XBQ8_v6	3.603E-01	2.636E-01	4.112E-01	0.150	36
afdb_C7C422_v6	afdb_Q3HWU8_v6	3.117E-01	3.072E-01	3.966E-01	0.098	31
afdb_C7C422_v6	afdb_O31156_v6	3.060E-01	3.111E-01	4.268E-01	0.090	30
afdb_C7C422_v6	afdb_P39377_v6	3.483E-01	2.683E-01	3.835E-01	0.126	34
afdb_C7C422_v6	afdb_P05414_v6	3.427E-01	2.724E-01	3.839E-01	0.126	34
afdb_C7C422_v6	afdb_P22266_v6	3.289E-01	2.774E-01	3.611E-01	0.106	32
afdb_C7C422_v6	afdb_P03958_v6	3.291E-01	2.723E-01	3.843E-01	0.106	32
afdb_C7C422_v6	afdb_P35049_v6	2.920E-01	3.077E-01	3.251E-01	0.082	29
afdb_C7C422_v6	afdb_Q29460_v6	2.853E-01	3.143E-01	3.558E-01	0.076	28
afdb_C7C422_v6	afdb_P31013_v6	3.576E-01	2.374E-01	3.970E-01	0.138	35
afdb_C7C422_v6	afdb_P22394_v6	3.745E-01	2.200E-01	3.884E-01	0.164	37
afdb_C7C422_v6	afdb_Q6LZM9_v6	3.478E-01	2.418E-01	3.846E-01	0.126	34
afdb_C7C422_v6	afdb_P15289_v6	3.626E-01	2.250E-01	3.873E-01	0.150	36
afdb_C7C422_v6	afdb_P00935_v6	3.313E-01	2.549E-01	3.702E-01	0.116	33
afdb_C7C422_v6	afdb_P96965_v6	2.972E-01	2.887E-01	3.541E-01	0.082	29
afdb_C7C422_v6	afdb_P07511_v6	3.574E-01	2.274E-01	4.224E-01	0.138	35
afdb_C7C422_v6	afdb_P0A6T5_v6	2.722E-01	3.099E-01	3.332E-01	0.069	27
afdb_C7C422_v6	afdb_P42593_v6	3.912E-01	1.882E-01	4.290E-01	0.196	39
afdb_C7C422_v6	afdb_P0A9P4_v6	3.081E-01	2.715E-01	3.681E-01	0.090	30
afdb_C7C422_v6	afdb_P05725_v6	2.388E-01	3.390E-01	3.845E-01	0.045	23
afdb_C7C422_v6	afdb_P28796_v6	3.482E-01	2.289E-01	3.926E-01	0.126	34
afdb_C7C422_v6	afdb_Q7ZAG8_v6	3.294E-01	2.467E-01	3.669E-01	0.106	32
afdb_C7C422_v6	afdb_P29183_v6	3.411E-01	2.290E-01	3.850E-01	0.126	34
afdb_C7C422_v6	afdb_P09184_v6	2.273E-01	3.443E-01	3.790E-01	0.040	22
afdb_C7C422_v6	afdb_P00766_v6	2.746E-01	2.938E-01	3.414E-01	0.069	27
afdb_C7C422_v6	afdb_P28305_v6	2.827E-01	2.834E-01	3.638E-01	0.076	28
afdb_C7C422_v6	afdb_P24630_v6	3.325E-01	2.320E-01	3.868E-01	0.116	33
afdb_C7C422_v6	afdb_P95468_v6	3.178E-01	2.455E-01	3.423E-01	0.098	31
afdb_C7C422_v6	afdb_P08165_v6	3.401E-01	2.189E-01	4.062E-01	0.126	34
afdb_C7C422_v6	afdb_P21836_v6	3.612E-01	1.962E-01	3.894E-01	0.150	36
afdb_C7C422_v6	afdb_P43099_v6	3.761E-01	1.799E-01	3.921E-01	0.164	37
afdb_C7C422_v6	afdb_Q7SID9_v6	3.529E-01	2.028E-01	3.833E-01	0.138	35
afdb_C7C422_v6	afdb_P0A6K3_v6	2.304E-01	3.221E-01	3.348E-01	0.040	22
afdb_C7C422_v6	afdb_P12995_v6	3.231E-01	2.281E-01	3.698E-01	0.106	32
afdb_C7C422_v6	afdb_Q9L9D7_v6	3.539E-01	1.969E-01	3.874E-01	0.138	35
afdb_C7C422_v6	afdb_P19938_v6	2.794E-01	2.708E-01	3.140E-01	0.069	27
afdb_C7C422_v6	afdb_P00644_v6	2.589E-01	2.909E-01	3.621E-01	0.057	25
afdb_C7C422_v6	afdb_P06721_v6	3.135E-01	2.353E-01	3.471E-01	0.098	31
afdb_C7C422_v6	afdb_P45478_v6	2.850E-01	2.632E-01	3.135E-01	0.076	28
afdb_C7C422_v6	afdb_P0A6G7_v6	2.493E-01	2.976E-01	3.190E-01	0.051	24
afdb_C7C422_v6	afdb_P24474_v6	3.408E-01	2.012E-01	3.754E-01	0.126	34
afdb_C7C422_v6	afdb_P77444_v6	3.107E-01	2.260E-01	3.429E-01	0.098	31
afdb_C7C422_v6	afdb_P37062_v6	3.158E-01	2.187E-01	3.508E-01	0.098	31
afdb_C7C422_v6	afdb_Q6YBS3_v6	3.545E-01	1.785E-01	3.921E-01	0.138	35
afdb_C7C422_v6	afdb_P16099_v6	3.623E-01	1.697E-01	4.179E-01	0.150	36
afdb_C7C422_v6	afdb_P0CE47_v6	3.015E-01	2.290E-01	3.292E-01	0.090	30
afdb_C7C422_v6	afdb_O33199_v6	2.398E-01	2.891E-01	3.098E-01	0.045	23
afdb_C7C422_v6	afdb_P27487_v6	3.595E-01	1.632E-01	3.965E-01	0.138	35
afdb_C7C422_v6	afdb_P06621_v6	3.003E-01	2.218E-01	3.558E-01	0.090	30
afdb_C7C422_v6	afdb_P16932_v6	3.073E-01	2.139E-01	3.383E-01	0.090	30
afdb_C7C422_v6	afdb_P22637_v6	3.287E-01	1.913E-01	3.597E-01	0.106	32
afdb_C7C422_v6	afdb_P56216_v6	3.272E-01	1.908E-01	3.582E-01	0.106	32
afdb_C7C422_v6	afdb_Q945K2_v6	3.284E-01	1.897E-01	3.686E-01	0.106	32
afdb_C7C422_v6	afdb_P00388_v6	3.439E-01	1.735E-01	3.886E-01	0.126	34
afdb_C7C422_v6	afdb_A1AA28_v6	2.083E-01	3.085E-01	3.258E-01	0.029	20
afdb_C7C422_v6	afdb_P09598_v6	2.616E-01	2.536E-01	2.989E-01	0.063	26
afdb_C7C422_v6	afdb_P00777_v6	2.662E-01	2.485E-01	3.131E-01	0.063	26
afdb_C7C422_v6	afdb_P12998_v6	2.868E-01	2.254E-01	3.386E-01	0.076	28
afdb_C7C422_v6	afdb_P46076_v6	2.724E-01	2.286E-01	2.948E-01	0.069	27
afdb_C7C422_v6	afdb_P00800_v6	3.112E-01	1.854E-01	3.364E-01	0.098	31
afdb_C7C422_v6	afdb_P00392_v6	3.113E-01	1.838E-01	3.359E-01	0.098	31
afdb_C7C422_v6	afdb_P00489_v6	3.454E-01	1.425E-01	3.786E-01	0.126	34
afdb_C7C422_v6	afdb_P83788_v6	2.810E-01	2.058E-01	3.258E-01	0.076	28
afdb_C7C422_v6	afdb_P23687_v6	3.222E-01	1.630E-01	3.473E-01	0.106	32
afdb_C7C422_v6	afdb_Q56839_v6	2.985E-01	1.867E-01	3.201E-01	0.082	29
afdb_C7C422_v6	afdb_P0AB77_v6	2.751E-01	2.102E-01	3.685E-01	0.069	27
afdb_C7C422_v6	afdb_O68557_v6	2.492E-01	2.321E-01	2.856E-01	0.051	24
afdb_C7C422_v6	afdb_Q9YHT1_v6	3.175E-01	1.616E-01	3.409E-01	0.098	31
afdb_C7C422_v6	afdb_P15034_v6	2.824E-01	1.965E-01	2.994E-01	0.076	28
afdb_C7C422_v6	afdb_P00390_v6	2.999E-01	1.768E-01	4.041E-01	0.082	29
afdb_C7C422_v6	afdb_Q28943_v6	3.520E-01	1.222E-01	3.702E-01	0.138	35
afdb_C7C422_v6	afdb_P21179_v6	3.240E-01	1.451E-01	3.536E-01	0.106	32
afdb_C7C422_v6	afdb_Q01693_v6	2.862E-01	1.810E-01	3.533E-01	0.076	28
afdb_C7C422_v6	afdb_P00750_v6	2.934E-01	1.733E-01	3.133E-01	0.082	29
afdb_C7C422_v6	afdb_P55931_v6	3.023E-01	1.594E-01	3.815E-01	0.090	30
afdb_C7C422_v6	afdb_P14779_v6	3.427E-01	1.177E-01	3.897E-01	0.126	34
afdb_C7C422_v6	afdb_Q06241_v6	2.019E-01	2.440E-01	2.615E-01	0.029	20
afdb_C7C422_v6	afdb_P30850_v6	2.903E-01	1.540E-01	3.328E-01	0.082	29
afdb_C7C422_v6	afdb_A0A0C6DRW4_v6	2.557E-01	1.865E-01	2.838E-01	0.057	25
afdb_C7C422_v6	afdb_P96086_v6	3.236E-01	1.121E-01	3.294E-01	0.106	32
afdb_C7C422_v6	afdb_Q9AGP8_v6	3.046E-01	1.304E-01	3.281E-01	0.090	30
afdb_C7C422_v6	afdb_P10844_v6	3.122E-01	9.154E-02	3.308E-01	0.098	31
afdb_C7C422_v6	afdb_P09883_v6	2.458E-01	1.378E-01	3.121E-01	0.051	24
afdb_P00918_v6	afdb_P00918_v6	1.000E+00	1.000E+00	1.004E+00	1.000	100
afdb_P00918_v6	afdb_Q12178_v6	2.740E-01	3.894E-01	3.909E-01	0.069	27
afdb_P00918_v6	afdb_P56200_v6	3.070E-01	2.882E-01	3.110E-01	0.090	30
afdb_P00918_v6	afdb_O68557_v6	2.942E-01	2.676E-01	2.951E-01	0.082	29
afdb_P00918_v6	afdb_A1AA28_v6	2.281E-01	3.306E-01	3.608E-01	0.040	22
afdb_P00918_v6	afdb_P83686_v6	2.793E-01	2.710E-01	3.226E-01	0.069	27
afdb_P00918_v6	afdb_P00766_v6	2.661E-01	2.766E-01	3.134E-01	0.063	26
afdb_P00918_v6	afdb_O33199_v6	2.495E-01	2.889E-01	3.027E-01	0.051	24
afdb_P00918_v6	afdb_P00644_v6	2.535E-01	2.766E-01	4.285E-01	0.057	25
afdb_P00918_v6	afdb_P00639_v6	2.703E-01	2.556E-01	3.345E-01	0.069	27
afdb_P00918_v6	afdb_A0A0C6DRW4_v6	3.069E-01	2.179E-01	3.218E-01	0.090	30
afdb_P00918_v6	afdb_P40859_v6	2.986E-01	2.228E-01	3.099E-01	0.082	29
afdb_P00918_v6	afdb_P22637_v6	3.271E-01	1.890E-01	3.552E-01	0.106	32
afdb_P00918_v6	afdb_P80324_v6	2.896E-01	2.249E-01	3.006E-01	0.076	28
afdb_P00918_v6	afdb_P00183_v6	2.987E-01	2.124E-01	3.126E-01	0.082	29
afdb_P00918_v6	afdb_Q16775_v6	2.693E-01	2.393E-01	2.941E-01	0.063	26
afdb_P00918_v6	afdb_Q9L9D7_v6	3.204E-01	1.793E-01	3.213E-01	0.106	32
afdb_P00918_v6	afdb_Q945K2_v6	3.171E-01	1.800E-01	3.466E-01	0.098	31
afdb_P00918_v6	afdb_P35049_v6	2.453E-01	2.523E-01	2.833E-01	0.051	24
afdb_P00918_v6	afdb_P27170_v6	2.768E-01	2.198E-01	2.789E-01	0.069	27
afdb_P00918_v6	afdb_P00860_v6	2.964E-01	1.983E-01	3.104E-01	0.082	29
afdb_P00918_v6	afdb_P21836_v6	3.241E-01	1.692E-01	3.646E-01	0.106	32
afdb_P00918_v6	afdb_P21179_v6	3.351E-01	1.534E-01	3.441E-01	0.116	33
afdb_P00918_v6	afdb_P08373_v6	2.660E-01	2.189E-01	2.920E-01	0.063	26
afdb_P00918_v6	afdb_P46076_v6	2.658E-01	2.148E-01	2.783E-01	0.063	26
afdb_P00918_v6	afdb_Q9HXE3_v6	2.691E-01	2.101E-01	2.794E-01	0.063	26
afdb_P00918_v6	afdb_P37967_v6	2.895E-01	1.872E-01	2.902E-01	0.076	28
afdb_P00918_v6	afdb_P52700_v6	2.475E-01	2.287E-01	2.867E-01	0.051	24
afdb_P00918_v6	afdb_P08473_v6	3.302E-01	1.436E-01	3.599E-01	0.116	33
afdb_P00918_v6	afdb_O13297_v6	2.980E-01	1.715E-01	2.982E-01	0.082	29
afdb_P00918_v6	afdb_P0A6T5_v6	2.227E-01	2.447E-01	2.735E-01	0.040	22
afdb_P00918_v6	afdb_Q9X9P9_v6	2.639E-01	1.989E-01	2.760E-01	0.063	26
afdb_P00918_v6	afdb_P55931_v6	3.005E-01	1.612E-01	3.180E-01	0.090	30
afdb_P00918_v6	afdb_P30850_v6	3.000E-01	1.523E-01	3.154E-01	0.082	29
afdb_P00918_v6	afdb_P0CE47_v6	2.537E-01	1.912E-01	2.803E-01	0.057	25
afdb_P00918_v6	afdb_Q9AGP8_v6	3.171E-01	1.276E-01	3.398E-01	0.098	31
afdb_P00918_v6	afdb_Q9YHT1_v6	2.987E-01	1.443E-01	3.273E-01	0.082	29
afdb_P00918_v6	afdb_P14779_v6	3.283E-01	1.096E-01	3.316E-01	0.106	32
afdb_P00918_v6	afdb_P00747_v6	3.013E-01	1.239E-01	3.411E-01	0.090	30
afdb_P00918_v6	afdb_P00388_v6	2.832E-01	1.384E-01	2.875E-01	0.076	28
afdb_P00918_v6	afdb_P00750_v6	2.624E-01	1.513E-01	2.939E-01	0.063	26
afdb_P00918_v6	afdb_P12821_v6	3.210E-01	9.133E-02	3.506E-01	0.106	32
afdb_P00918_v6	afdb_P10688_v6	2.724E-01	1.222E-01	2.775E-01	0.069	27
afdb_P00918_v6	afdb_P10844_v6	2.973E-01	8.641E-02	3.228E-01	0.082	29
afdb_P00918_v6	afdb_P00489_v6	2.721E-01	1.114E-01	2.858E-01	0.069	27
afdb_P01112_v6	afdb_P0CE47_v6	7.151E-01	3.637E-01	8.022E-01	0.941	71
afdb_P01112_v6	afdb_Q29460_v6	5.852E-01	4.935E-01	6.406E-01	0.720	58
afdb_P01112_v6	afdb_P37957_v6	4.891E-01	4.482E-01	5.432E-01	0.411	48
afdb_P01112_v6	afdb_Q00017_v6	5.145E-01	4.121E-01	5.748E-01	0.505	51
afdb_P01112_v6	afdb_P00590_v6	4.925E-01	4.226E-01	5.428E-01	0.442	49
afdb_P01112_v6	afdb_P96965_v6	5.117E-01	3.732E-01	5.515E-01	0.505	51
afdb_P01112_v6	afdb_Q3HWU8_v6	5.065E-01	3.729E-01	5.653E-01	0.473	50
afdb_P01112_v6	afdb_Q75WN8_v6	5.111E-01	3.669E-01	5.620E-01	0.505	51
afdb_P01112_v6	afdb_P05521_v6	5.212E-01	3.515E-01	5.788E-01	0.537	52
afdb_P01112_v6	afdb_P22266_v6	5.338E-01	3.364E-01	5.800E-01	0.569	53
afdb_P01112_v6	afdb_P04042_v6	5.308E-01	3.175E-01	5.569E-01	0.569	53
afdb_P01112_v6	afdb_O58727_v6	4.134E-01	4.290E-01	4.860E-01	0.233	41
afdb_P01112_v6	afdb_P03958_v6	5.145E-01	3.173E-01	5.554E-01	0.505	51
afdb_P01112_v6	afdb_P56200_v6	4.789E-01	3.461E-01	5.700E-01	0.382	47
afdb_P01112_v6	afdb_P52279_v6	4.818E-01	3.225E-01	5.381E-01	0.411	48
afdb_P01112_v6	afdb_P83772_v6	4.502E-01	3.477E-01	5.044E-01	0.326	45
afdb_P01112_v6	afdb_Q9NPB1_v6	4.234E-01	3.655E-01	4.714E-01	0.254	42
afdb_P01112_v6	afdb_P53608_v6	4.587E-01	3.250E-01	5.051E-01	0.326	45
afdb_P01112_v6	afdb_Q58989_v6	4.053E-01	3.713E-01	4.634E-01	0.214	40
afdb_P01112_v6	afdb_P09184_v6	3.482E-01	3.992E-01	4.596E-01	0.126	34
afdb_P01112_v6	afdb_Q8RB32_v6	4.043E-01	3.320E-01	5.145E-01	0.214	40
afdb_P01112_v6	afdb_P37967_v6	4.977E-01	2.327E-01	5.462E-01	0.442	49
afdb_P01112_v6	afdb_P09367_v6	4.555E-01	2.679E-01	5.273E-01	0.326	45
afdb_P01112_v6	afdb_P0A1E3_v6	4.372E-01	2.862E-01	5.577E-01	0.277	43
afdb_P01112_v6	afdb_P22394_v6	5.108E-01	2.114E-01	5.599E-01	0.505	51
afdb_P01112_v6	afdb_P16444_v6	4.610E-01	2.591E-01	5.093E-01	0.353	46
afdb_P01112_v6	afdb_Q12178_v6	3.375E-01	3.806E-01	4.409E-01	0.116	33
afdb_P01112_v6	afdb_O59791_v6	4.357E-01	2.812E-01	5.730E-01	0.277	43
afdb_P01112_v6	afdb_P0AEZ1_v6	4.169E-01	2.949E-01	5.257E-01	0.233	41
afdb_P01112_v6	afdb_P0A6C1_v6	4.056E-01	2.974E-01	5.055E-01	0.214	40
afdb_P01112_v6	afdb_Q01693_v6	4.789E-01	2.210E-01	5.367E-01	0.382	47
afdb_P01112_v6	afdb_P0A9P4_v6	4.190E-01	2.789E-01	4.478E-01	0.233	41
afdb_P01112_v6	afdb_P06621_v6	4.598E-01	2.382E-01	5.140E-01	0.326	45
afdb_P01112_v6	afdb_P37063_v6	5.004E-01	1.954E-01	5.176E-01	0.473	50
afdb_P01112_v6	afdb_P95468_v6	4.476E-01	2.479E-01	5.178E-01	0.301	44
afdb_P01112_v6	afdb_P21836_v6	5.011E-01	1.912E-01	5.501E-01	0.473	50
afdb_P01112_v6	afdb_P80324_v6	4.376E-01	2.531E-01	4.714E-01	0.277	43
afdb_P01112_v6	afdb_Q9FEW9_v6	4.443E-01	2.432E-01	5.001E-01	0.301	44
afdb_P01112_v6	afdb_Q9XBQ8_v6	4.461E-01	2.381E-01	5.404E-01	0.301	44
afdb_P01112_v6	afdb_Q02899_v6	4.434E-01	2.384E-01	4.989E-01	0.301	44
afdb_P01112_v6	afdb_P00935_v6	4.398E-01	2.412E-01	5.754E-01	0.277	43
afdb_P01112_v6	afdb_P06721_v6	4.418E-01	2.386E-01	5.778E-01	0.301	44
afdb_P01112_v6	afdb_P07003_v6	4.804E-01	1.997E-01	4.992E-01	0.411	48
afdb_P01112_v6	afdb_P12995_v6	4.411E-01	2.345E-01	4.776E-01	0.301	44
afdb_P01112_v6	afdb_P0AB77_v6	4.328E-01	2.378E-01	5.358E-01	0.277	43
afdb_P01112_v6	afdb_P00489_v6	5.212E-01	1.420E-01	5.660E-01	0.537	52
afdb_P01112_v6	afdb_P16932_v6	4.339E-01	2.282E-01	4.718E-01	0.277	43
afdb_P01112_v6	afdb_P12998_v6	4.218E-01	2.400E-01	5.344E-01	0.254	42
afdb_P01112_v6	afdb_P28796_v6	4.441E-01	2.164E-01	4.862E-01	0.301	44
afdb_P01112_v6	afdb_P31013_v6	4.390E-01	2.190E-01	4.787E-01	0.277	43
afdb_P01112_v6	afdb_Q9L9D7_v6	4.628E-01	1.921E-01	5.001E-01	0.353	46
afdb_P01112_v6	afdb_A1AA28_v6	2.996E-01	3.552E-01	4.303E-01	0.082	29
afdb_P01112_v6	afdb_P07511_v6	4.452E-01	2.088E-01	5.245E-01	0.301	44
afdb_P01112_v6	afdb_P77444_v6	4.198E-01	2.293E-01	5.197E-01	0.233	41
afdb_P01112_v6	afdb_P83788_v6	4.216E-01	2.264E-01	5.195E-01	0.254	42
afdb_P01112_v6	afdb_P23687_v6	4.808E-01	1.643E-01	5.240E-01	0.411	48
afdb_P01112_v6	afdb_P0A6G7_v6	3.303E-01	3.095E-01	4.278E-01	0.116	33
afdb_P01112_v6	afdb_Q7ZAG8_v6	4.163E-01	2.200E-01	4.955E-01	0.233	41
afdb_P01112_v6	afdb_P18314_v6	4.439E-01	1.902E-01	4.782E-01	0.301	44
afdb_P01112_v6	afdb_Q6YBS3_v6	4.580E-01	1.750E-01	4.875E-01	0.326	45
afdb_P01112_v6	afdb_Q6LZM9_v6	4.141E-01	2.172E-01	4.845E-01	0.233	41
afdb_P01112_v6	afdb_P00388_v6	4.633E-01	1.639E-01	5.342E-01	0.353	46
afdb_P01112_v6	afdb_P04190_v6	3.473E-01	2.775E-01	3.921E-01	0.126	34
afdb_P01112_v6	afdb_P42593_v6	4.662E-01	1.582E-01	5.273E-01	0.353	46
afdb_P01112_v6	afdb_P83686_v6	3.545E-01	2.685E-01	4.072E-01	0.138	35
afdb_P01112_v6	afdb_Q9HXE3_v6	3.853E-01	2.327E-01	4.204E-01	0.179	38
afdb_P01112_v6	afdb_P40859_v6	3.905E-01	2.264E-01	4.264E-01	0.196	39
afdb_P01112_v6	afdb_P43099_v6	4.682E-01	1.480E-01	4.760E-01	0.353	46
afdb_P01112_v6	afdb_P05414_v6	3.856E-01	2.293E-01	4.813E-01	0.179	38
afdb_P01112_v6	afdb_P16099_v6	4.662E-01	1.476E-01	5.263E-01	0.353	46
afdb_P01112_v6	afdb_P21179_v6	4.557E-01	1.455E-01	4.955E-01	0.326	45
afdb_P01112_v6	afdb_P03007_v6	3.231E-01	2.731E-01	3.254E-01	0.106	32
afdb_P01112_v6	afdb_Q9X9P9_v6	3.785E-01	2.166E-01	4.275E-01	0.164	37
afdb_P01112_v6	afdb_P14779_v6	4.768E-01	1.148E-01	5.514E-01	0.382	47
afdb_P01112_v6	afdb_P37062_v6	3.913E-01	1.933E-01	4.637E-01	0.196	39
afdb_P01112_v6	afdb_P29474_v6	4.679E-01	1.000E-01	5.108E-01	0.353	46
afdb_P01112_v6	afdb_Q9AGP8_v6	4.270E-01	1.302E-01	4.454E-01	0.254	42
afdb_P01112_v6	afdb_P00175_v6	3.925E-01	1.632E-01	4.711E-01	0.196	39
afdb_P01112_v6	afdb_P96086_v6	4.380E-01	1.081E-01	4.895E-01	0.277	43
afdb_P01112_v6	afdb_Q94702_v6	2.588E-01	2.862E-01	3.541E-01	0.057	25
afdb_P01112_v6	afdb_P27487_v6	4.065E-01	1.369E-01	4.363E-01	0.214	40
afdb_P01112_v6	afdb_P00455_v6	3.378E-01	2.058E-01	3.761E-01	0.116	33
afdb_P01112_v6	afdb_F8W4B7_v6	4.264E-01	1.085E-01	4.290E-01	0.254	42
afdb_P01112_v6	afdb_P05725_v6	2.543E-01	2.786E-01	3.234E-01	0.057	25
afdb_P01112_v6	afdb_A0A0C6DRW4_v6	3.392E-01	1.842E-01	4.009E-01	0.116	33
afdb_P01112_v6	afdb_P27170_v6	3.173E-01	2.060E-01	3.740E-01	0.098	31
afdb_P01112_v6	afdb_O33199_v6	2.688E-01	2.522E-01	3.483E-01	0.063	26
afdb_P01112_v6	afdb_P22637_v6	3.585E-01	1.605E-01	3.854E-01	0.138	35
afdb_P01112_v6	afdb_P09960_v6	3.635E-01	1.520E-01	3.726E-01	0.150	36
afdb_P01112_v6	afdb_P00766_v6	2.772E-01	2.339E-01	2.950E-01	0.069	27
afdb_P01112_v6	afdb_P00918_v6	2.822E-01	2.253E-01	3.005E-01	0.076	28
afdb_P01112_v6	afdb_P00800_v6	3.449E-01	1.597E-01	3.671E-01	0.126	34
afdb_P01112_v6	afdb_Q05755_v6	4.272E-01	7.571E-02	4.854E-01	0.254	42
afdb_P01112_v6	afdb_P00644_v6	2.677E-01	2.332E-01	3.220E-01	0.063	26
afdb_P01112_v6	afdb_P08148_v6	3.415E-01	1.511E-01	3.476E-01	0.126	34
afdb_P01112_v6	afdb_Q00441_v6	3.152E-01	1.723E-01	3.535E-01	0.098	31
afdb_P01112_v6	afdb_P53041_v6	3.253E-01	1.614E-01	3.573E-01	0.106	32
afdb_P01112_v6	afdb_P55038_v6	4.150E-01	6.983E-02	4.712E-01	0.233	41
afdb_P01112_v6	afdb_Q9YHT1_v6	3.430E-01	1.391E-01	3.639E-01	0.126	34
afdb_P01112_v6	afdb_P40881_v6	2.611E-01	2.176E-01	2.906E-01	0.063	26
afdb_P01112_v6	afdb_P23295_v6	3.033E-01	1.648E-01	3.387E-01	0.090	30
afdb_P01112_v6	afdb_P15917_v6	3.570E-01	1.085E-01	4.581E-01	0.138	35
afdb_P01112_v6	afdb_Q05769_v6	3.183E-01	1.373E-01	3.364E-01	0.098	31
afdb_P01112_v6	afdb_P00183_v6	2.910E-01	1.631E-01	3.145E-01	0.082	29
afdb_P01112_v6	afdb_P30850_v6	3.178E-01	1.252E-01	3.366E-01	0.098	31
afdb_P01112_v6	afdb_P81054_v6	2.597E-01	1.708E-01	2.735E-01	0.057	25
afdb_P0A6P9_v6	afdb_Q8RB32_v6	3.627E-01	5.916E-01	5.936E-01	0.150	36
afdb_P0A6P9_v6	afdb_P0A6C1_v6	3.918E-01	5.492E-01	5.725E-01	0.196	39
afdb_P0A6P9_v6	afdb_P0AEZ1_v6	3.963E-01	5.441E-01	5.456E-01	0.196	39
afdb_P0A6P9_v6	afdb_P05414_v6	4.251E-01	4.842E-01	5.157E-01	0.254	42
afdb_P0A6P9_v6	afdb_P03958_v6	4.078E-01	4.797E-01	5.614E-01	0.214	40
afdb_P0A6P9_v6	afdb_P39377_v6	4.055E-01	4.415E-01	5.756E-01	0.214	40
afdb_P0A6P9_v6	afdb_P05020_v6	3.817E-01	4.564E-01	5.312E-01	0.179	38
afdb_P0A6P9_v6	afdb_P16444_v6	4.037E-01	4.201E-01	4.783E-01	0.214	40
afdb_P0A6P9_v6	afdb_Q02899_v6	3.961E-01	4.210E-01	4.555E-01	0.196	39
afdb_P0A6P9_v6	afdb_Q9FEW9_v6	3.904E-01	4.187E-01	5.340E-01	0.179	38
afdb_P0A6P9_v6	afdb_Q9XBQ8_v6	3.856E-01	3.975E-01	4.789E-01	0.179	38
afdb_P0A6P9_v6	afdb_P00175_v6	4.288E-01	3.287E-01	5.173E-01	0.254	42
afdb_P0A6P9_v6	afdb_P53608_v6	3.086E-01	4.081E-01	4.386E-01	0.090	30
afdb_P0A6P9_v6	afdb_P12995_v6	3.395E-01	3.413E-01	4.309E-01	0.116	33
afdb_P0A6P9_v6	afdb_Q00017_v6	2.672E-01	4.092E-01	4.418E-01	0.063	26
afdb_P0A6P9_v6	afdb_P16932_v6	3.358E-01	3.353E-01	4.245E-01	0.116	33
afdb_P0A6P9_v6	afdb_P27170_v6	3.123E-01	3.567E-01	3.732E-01	0.098	31
afdb_P0A6P9_v6	afdb_P05521_v6	2.877E-01	3.776E-01	4.536E-01	0.076	28
afdb_P0A6P9_v6	afdb_P04042_v6	3.038E-01	3.537E-01	3.598E-01	0.090	30
afdb_P0A6P9_v6	afdb_P95468_v6	3.162E-01	3.390E-01	4.385E-01	0.098	31
afdb_P0A6P9_v6	afdb_P00860_v6	3.346E-01	3.174E-01	5.386E-01	0.116	33
afdb_P0A6P9_v6	afdb_P18314_v6	3.591E-01	2.938E-01	3.597E-01	0.138	35
afdb_P0A6P9_v6	afdb_P77444_v6	3.180E-01	3.320E-01	4.489E-01	0.098	31
afdb_P0A6P9_v6	afdb_P09030_v6	2.664E-01	3.767E-01	3.876E-01	0.063	26
afdb_P0A6P9_v6	afdb_P37957_v6	2.407E-01	4.003E-01	4.479E-01	0.051	24
afdb_P0A6P9_v6	afdb_Q12178_v6	1.975E-01	4.416E-01	4.875E-01	0.024	19
afdb_P0A6P9_v6	afdb_P0AB77_v6	3.100E-01	3.293E-01	4.442E-01	0.090	30
afdb_P0A6P9_v6	afdb_P56200_v6	2.681E-01	3.689E-01	3.875E-01	0.063	26
afdb_P0A6P9_v6	afdb_P37967_v6	3.318E-01	3.050E-01	3.323E-01	0.116	33
afdb_P0A6P9_v6	afdb_P00590_v6	2.439E-01	3.904E-01	4.348E-01	0.051	24
afdb_P0A6P9_v6	afdb_O58727_v6	2.128E-01	4.212E-01	4.491E-01	0.034	21
afdb_P0A6P9_v6	afdb_P12998_v6	3.030E-01	3.297E-01	4.427E-01	0.090	30
afdb_P0A6P9_v6	afdb_P45478_v6	2.732E-01	3.550E-01	3.934E-01	0.069	27
afdb_P0A6P9_v6	afdb_P23687_v6	3.724E-01	2.547E-01	4.320E-01	0.164	37
afdb_P0A6P9_v6	afdb_P96965_v6	2.640E-01	3.619E-01	4.120E-01	0.063	26
afdb_P0A6P9_v6	afdb_Q3HWU8_v6	2.587E-01	3.648E-01	3.887E-01	0.057	25
afdb_P0A6P9_v6	afdb_Q58989_v6	2.263E-01	3.973E-01	4.160E-01	0.040	22
afdb_P0A6P9_v6	afdb_P52279_v6	2.738E-01	3.487E-01	3.781E-01	0.069	27
afdb_P0A6P9_v6	afdb_Q28943_v6	4.153E-01	2.041E-01	4.190E-01	0.233	41
afdb_P0A6P9_v6	afdb_P83686_v6	2.576E-01	3.612E-01	3.695E-01	0.057	25
afdb_P0A6P9_v6	afdb_Q75WN8_v6	2.601E-01	3.580E-01	3.878E-01	0.057	25
afdb_P0A6P9_v6	afdb_P07511_v6	3.207E-01	2.948E-01	4.275E-01	0.106	32
afdb_P0A6P9_v6	afdb_P42593_v6	3.607E-01	2.544E-01	4.867E-01	0.150	36
afdb_P0A6P9_v6	afdb_P16099_v6	3.700E-01	2.430E-01	5.037E-01	0.164	37
afdb_P0A6P9_v6	afdb_O31156_v6	2.519E-01	3.606E-01	3.968E-01	0.057	25
afdb_P0A6P9_v6	afdb_P21836_v6	3.432E-01	2.659E-01	3.438E-01	0.126	34
afdb_P0A6P9_v6	afdb_Q9UMR5_v6	2.620E-01	3.449E-01	3.780E-01	0.063	26
afdb_P0A6P9_v6	afdb_P30122_v6	3.386E-01	2.656E-01	3.392E-01	0.116	33
afdb_P0A6P9_v6	afdb_P24630_v6	3.018E-01	3.018E-01	3.862E-01	0.090	30
afdb_P0A6P9_v6	afdb_Q9NPB1_v6	2.314E-01	3.726E-01	4.443E-01	0.045	23
afdb_P0A6P9_v6	afdb_P25910_v6	2.385E-01	3.601E-01	3.942E-01	0.045	23
afdb_P0A6P9_v6	afdb_P0A6G7_v6	2.183E-01	3.789E-01	3.837E-01	0.034	21
afdb_P0A6P9_v6	afdb_Q6LZM9_v6	2.964E-01	2.944E-01	3.696E-01	0.082	29
afdb_P0A6P9_v6	afdb_P83788_v6	2.915E-01	2.995E-01	4.201E-01	0.082	29
afdb_P0A6P9_v6	afdb_P22394_v6	3.226E-01	2.696E-01	3.230E-01	0.106	32
afdb_P0A6P9_v6	afdb_P08819_v6	2.978E-01	2.918E-01	4.613E-01	0.082	29
afdb_P0A6P9_v6	afdb_P04190_v6	2.357E-01	3.534E-01	4.032E-01	0.045	23
afdb_P0A6P9_v6	afdb_P53041_v6	3.091E-01	2.789E-01	3.140E-01	0.090	30
afdb_P0A6P9_v6	afdb_Q05755_v6	4.365E-01	1.466E-01	4.406E-01	0.277	43
afdb_P0A6P9_v6	afdb_P55038_v6	4.321E-01	1.503E-01	4.337E-01	0.277	43
afdb_P0A6P9_v6	afdb_P10688_v6	3.551E-01	2.237E-01	4.953E-01	0.138	35
afdb_P0A6P9_v6	afdb_Q9X9P9_v6	2.770E-01	2.985E-01	3.121E-01	0.069	27
afdb_P0A6P9_v6	afdb_P31013_v6	2.930E-01	2.821E-01	3.019E-01	0.082	29
afdb_P0A6P9_v6	afdb_P22266_v6	2.602E-01	3.051E-01	3.307E-01	0.057	25
afdb_P0A6P9_v6	afdb_P21327_v6	2.742E-01	2.898E-01	2.949E-01	0.069	27
afdb_P0A6P9_v6	afdb_P83772_v6	2.245E-01	3.353E-01	3.505E-01	0.040	22
afdb_P0A6P9_v6	afdb_F8W4B7_v6	3.736E-01	1.830E-01	3.855E-01	0.164	37
afdb_P0A6P9_v6	afdb_P03007_v6	2.236E-01	3.312E-01	3.930E-01	0.040	22
afdb_P0A6P9_v6	afdb_P24289_v6	2.320E-01	3.216E-01	3.457E-01	0.045	23
afdb_P0A6P9_v6	afdb_P40859_v6	2.668E-01	2.864E-01	2.875E-01	0.063	26
afdb_P0A6P9_v6	afdb_P27487_v6	3.342E-01	2.181E-01	3.391E-01	0.116	33
afdb_P0A6P9_v6	afdb_P00455_v6	2.611E-01	2.915E-01	3.462E-01	0.063	26
afdb_P0A6P9_v6	afdb_P06621_v6	2.688E-01	2.763E-01	2.942E-01	0.063	26
afdb_P0A6P9_v6	afdb_P29183_v6	2.783E-01	2.656E-01	3.404E-01	0.069	27
afdb_P0A6P9_v6	afdb_A0A0C6DRW4_v6	2.666E-01	2.735E-01	2.942E-01	0.063	26
afdb_P0A6P9_v6	afdb_P28796_v6	2.763E-01	2.614E-01	3.061E-01	0.069	27
afdb_P0A6P9_v6	afdb_P0CE47_v6	2.602E-01	2.772E-01	2.817E-01	0.057	25
afdb_P0A6P9_v6	afdb_P0A1E3_v6	2.389E-01	2.936E-01	3.266E-01	0.045	23
afdb_P0A6P9_v6	afdb_P81054_v6	2.456E-01	2.861E-01	2.969E-01	0.051	24
afdb_P0A6P9_v6	afdb_Q01693_v6	2.794E-01	2.508E-01	3.119E-01	0.069	27
afdb_P0A6P9_v6	afdb_P00392_v6	2.850E-01	2.335E-01	3.647E-01	0.076	28
afdb_P0A6P9_v6	afdb_Q9HXE3_v6	2.468E-01	2.716E-01	2.800E-01	0.051	24
afdb_P0A6P9_v6	afdb_P08148_v6	2.907E-01	2.272E-01	3.668E-01	0.082	29
afdb_P0A6P9_v6	afdb_P07003_v6	2.850E-01	2.310E-01	2.869E-01	0.076	28
afdb_P0A6P9_v6	afdb_P37063_v6	2.871E-01	2.255E-01	3.164E-01	0.076	28
afdb_P0A6P9_v6	afdb_P00644_v6	1.990E-01	3.104E-01	3.188E-01	0.024	19
afdb_P0A6P9_v6	afdb_P43099_v6	3.056E-01	2.022E-01	3.235E-01	0.090	30
afdb_P0A6P9_v6	afdb_P0A6K3_v6	1.701E-01	3.373E-01	3.704E-01	0.014	16
afdb_P0A6P9_v6	afdb_O59791_v6	2.271E-01	2.789E-01	3.313E-01	0.040	22
afdb_P0A6P9_v6	afdb_P15034_v6	2.548E-01	2.512E-01	2.746E-01	0.057	25
afdb_P0A6P9_v6	afdb_P71119_v6	1.853E-01	3.186E-01	3.319E-01	0.020	18
afdb_P0A6P9_v6	afdb_P05725_v6	1.674E-01	3.356E-01	3.613E-01	0.014	16
afdb_P0A6P9_v6	afdb_P46076_v6	2.350E-01	2.692E-01	2.884E-01	0.045	23
afdb_P0A6P9_v6	afdb_Q56839_v6	2.684E-01	2.328E-01	3.040E-01	0.063	26
afdb_P0A6P9_v6	afdb_P00388_v6	2.896E-01	2.089E-01	3.093E-01	0.076	28
afdb_P0A6P9_v6	afdb_P00935_v6	2.378E-01	2.592E-01	3.802E-01	0.045	23
afdb_P0A6P9_v6	afdb_P00489_v6	3.084E-01	1.849E-01	3.166E-01	0.090	30
afdb_P0A6P9_v6	afdb_O16025_v6	3.274E-01	1.656E-01	3.328E-01	0.106	32
afdb_P0A6P9_v6	afdb_Q9L9D7_v6	2.724E-01	2.195E-01	3.697E-01	0.069	27
afdb_P0A6P9_v6	afdb_Q7ZAG8_v6	2.415E-01	2.503E-01	3.082E-01	0.051	24
afdb_P0A6P9_v6	afdb_P09367_v6	2.325E-01	2.591E-01	3.074E-01	0.045	23
afdb_P0A6P9_v6	afdb_A5JUY8_v6	2.894E-01	1.975E-01	2.908E-01	0.076	28
afdb_P0A6P9_v6	afdb_P21179_v6	2.924E-01	1.940E-01	2.998E-01	0.082	29
afdb_P0A6P9_v6	afdb_P30850_v6	2.797E-01	2.068E-01	3.243E-01	0.069	27
afdb_P0A6P9_v6	afdb_P96086_v6	3.212E-01	1.577E-01	3.234E-01	0.106	32
afdb_P0A6P9_v6	afdb_Q6YBS3_v6	2.701E-01	2.032E-01	3.084E-01	0.069	27
afdb_P0A6P9_v6	afdb_P12821_v6	3.240E-01	1.370E-01	3.500E-01	0.106	32
afdb_P0A6P9_v6	afdb_P09960_v6	2.554E-01	1.994E-01	2.995E-01	0.057	25
afdb_P0A6P9_v6	afdb_P37062_v6	2.292E-01	2.242E-01	2.327E-01	0.040	22
afdb_P0A6P9_v6	afdb_P00390_v6	2.412E-01	2.103E-01	2.851E-01	0.051	24
afdb_P0A6P9_v6	afdb_P14779_v6	2.992E-01	1.521E-01	3.162E-01	0.082	29
afdb_P0A6P9_v6	afdb_O13297_v6	2.361E-01	1.984E-01	2.572E-01	0.045	23
afdb_P0A6P9_v6	afdb_P29474_v6	2.811E-01	1.296E-01	2.855E-01	0.076	28
afdb_P15289_v6	afdb_P15289_v6	1.000E+00	1.000E+00	1.002E+00	1.000	100
afdb_P15289_v6	afdb_P53608_v6	2.854E-01	4.314E-01	4.379E-01	0.076	28
afdb_P15289_v6	afdb_Q02899_v6	3.243E-01	3.859E-01	4.012E-01	0.106	32
afdb_P15289_v6	afdb_P09030_v6	2.703E-01	4.369E-01	4.511E-01	0.069	27
afdb_P15289_v6	afdb_P00639_v6	2.734E-01	4.242E-01	4.467E-01	0.069	27
afdb_P15289_v6	afdb_Q9FEW9_v6	3.169E-01	3.780E-01	4.017E-01	0.098	31
afdb_P15289_v6	afdb_P05020_v6	2.944E-01	3.908E-01	4.171E-01	0.082	29
afdb_P15289_v6	afdb_Q00017_v6	2.503E-01	4.276E-01	4.336E-01	0.051	24
afdb_P15289_v6	afdb_P95468_v6	3.026E-01	3.696E-01	4.611E-01	0.090	30
afdb_P15289_v6	afdb_P39377_v6	2.980E-01	3.618E-01	3.749E-01	0.082	29
afdb_P15289_v6	afdb_P22266_v6	2.803E-01	3.760E-01	4.101E-01	0.076	28
afdb_P15289_v6	afdb_P31013_v6	3.143E-01	3.403E-01	4.433E-01	0.098	31
afdb_P15289_v6	afdb_P16099_v6	3.678E-01	2.822E-01	3.827E-01	0.150	36
afdb_P15289_v6	afdb_P42593_v6	3.583E-01	2.895E-01	4.064E-01	0.138	35
afdb_P15289_v6	afdb_P45478_v6	2.604E-01	3.812E-01	3.916E-01	0.057	25
afdb_P15289_v6	afdb_P05521_v6	2.634E-01	3.771E-01	4.051E-01	0.063	26
afdb_P15289_v6	afdb_P28796_v6	3.095E-01	3.297E-01	3.633E-01	0.090	30
afdb_P15289_v6	afdb_P07511_v6	3.114E-01	3.226E-01	4.601E-01	0.098	31
afdb_P15289_v6	afdb_Q8RB32_v6	2.292E-01	4.019E-01	4.031E-01	0.040	22
afdb_P15289_v6	afdb_P37957_v6	2.170E-01	4.124E-01	4.396E-01	0.034	21
afdb_P15289_v6	afdb_P37062_v6	2.995E-01	3.286E-01	3.494E-01	0.082	29
afdb_P15289_v6	afdb_P03958_v6	2.686E-01	3.578E-01	3.812E-01	0.063	26
afdb_P15289_v6	afdb_P0AB77_v6	2.818E-01	3.410E-01	4.528E-01	0.076	28
afdb_P15289_v6	afdb_Q29460_v6	2.204E-01	4.020E-01	4.348E-01	0.040	22
afdb_P15289_v6	afdb_P16444_v6	2.860E-01	3.335E-01	3.712E-01	0.076	28
afdb_P15289_v6	afdb_P12995_v6	2.902E-01	3.294E-01	3.807E-01	0.076	28
afdb_P15289_v6	afdb_P52700_v6	2.432E-01	3.694E-01	4.131E-01	0.051	24
afdb_P15289_v6	afdb_P0AEZ1_v6	2.463E-01	3.650E-01	3.816E-01	0.051	24
afdb_P15289_v6	afdb_Q7ZAG8_v6	2.813E-01	3.289E-01	3.371E-01	0.076	28
afdb_P15289_v6	afdb_P83772_v6	2.288E-01	3.810E-01	4.869E-01	0.040	22
afdb_P15289_v6	afdb_P06721_v6	2.749E-01	3.344E-01	4.111E-01	0.069	27
afdb_P15289_v6	afdb_P29183_v6	2.925E-01	3.151E-01	3.674E-01	0.082	29
afdb_P15289_v6	afdb_Q56839_v6	3.068E-01	3.000E-01	3.293E-01	0.090	30
afdb_P15289_v6	afdb_P25910_v6	2.227E-01	3.829E-01	4.201E-01	0.040	22
afdb_P15289_v6	afdb_P05414_v6	2.687E-01	3.362E-01	3.809E-01	0.063	26
afdb_P15289_v6	afdb_P00860_v6	2.873E-01	3.077E-01	3.565E-01	0.076	28
afdb_P15289_v6	afdb_P00590_v6	2.126E-01	3.815E-01	4.362E-01	0.034	21
afdb_P15289_v6	afdb_P16932_v6	2.791E-01	3.141E-01	3.664E-01	0.069	27
afdb_P15289_v6	afdb_Q9UMR5_v6	2.368E-01	3.524E-01	3.815E-01	0.045	23
afdb_P15289_v6	afdb_Q12178_v6	1.769E-01	4.119E-01	4.262E-01	0.016	17
afdb_P15289_v6	afdb_P00935_v6	2.633E-01	3.247E-01	3.443E-01	0.063	26
afdb_P15289_v6	afdb_P08148_v6	3.115E-01	2.753E-01	3.254E-01	0.098	31
afdb_P15289_v6	afdb_P00392_v6	2.989E-01	2.777E-01	3.372E-01	0.082	29
afdb_P15289_v6	afdb_P19938_v6	2.266E-01	3.468E-01	3.766E-01	0.040	22
afdb_P15289_v6	afdb_P28305_v6	2.193E-01	3.537E-01	3.741E-01	0.034	21
afdb_P15289_v6	afdb_Q6YBS3_v6	3.113E-01	2.616E-01	3.438E-01	0.098	31
afdb_P15289_v6	afdb_P00390_v6	2.873E-01	2.821E-01	3.106E-01	0.076	28
afdb_P15289_v6	afdb_P22637_v6	2.920E-01	2.748E-01	3.098E-01	0.082	29
afdb_P15289_v6	afdb_P22394_v6	2.949E-01	2.724E-01	4.326E-01	0.082	29
afdb_P15289_v6	afdb_P08165_v6	2.802E-01	2.859E-01	3.090E-01	0.076	28
afdb_P15289_v6	afdb_P13717_v6	2.174E-01	3.463E-01	3.514E-01	0.034	21
afdb_P15289_v6	afdb_P09367_v6	2.480E-01	3.162E-01	3.271E-01	0.051	24
afdb_P15289_v6	afdb_P21327_v6	2.570E-01	3.035E-01	3.252E-01	0.057	25
afdb_P15289_v6	afdb_P23687_v6	3.145E-01	2.447E-01	3.600E-01	0.098	31
afdb_P15289_v6	afdb_P21836_v6	2.988E-01	2.584E-01	3.854E-01	0.082	29
afdb_P15289_v6	afdb_P00636_v6	2.378E-01	3.193E-01	3.245E-01	0.045	23
afdb_P15289_v6	afdb_P0A1E3_v6	2.324E-01	3.224E-01	3.324E-01	0.045	23
afdb_P15289_v6	afdb_P43099_v6	3.157E-01	2.382E-01	3.491E-01	0.098	31
afdb_P15289_v6	afdb_Q9L9D7_v6	2.881E-01	2.629E-01	3.734E-01	0.076	28
afdb_P15289_v6	afdb_P83788_v6	2.524E-01	2.937E-01	3.381E-01	0.057	25
afdb_P15289_v6	afdb_Q7SID9_v6	2.828E-01	2.632E-01	3.219E-01	0.076	28
afdb_P15289_v6	afdb_P24474_v6	2.844E-01	2.615E-01	3.104E-01	0.076	28
afdb_P15289_v6	afdb_P37063_v6	2.884E-01	2.556E-01	3.124E-01	0.076	28
afdb_P15289_v6	afdb_P0CE47_v6	2.472E-01	2.949E-01	3.064E-01	0.051	24
afdb_P15289_v6	afdb_P0A9P4_v6	2.233E-01	3.181E-01	3.315E-01	0.040	22
afdb_P15289_v6	afdb_P04042_v6	2.289E-01	3.069E-01	4.600E-01	0.040	22
afdb_P15289_v6	afdb_Q9YHT1_v6	2.938E-01	2.408E-01	3.051E-01	0.082	29
afdb_P15289_v6	afdb_Q01693_v6	2.640E-01	2.651E-01	3.695E-01	0.063	26
afdb_P15289_v6	afdb_F8W4B7_v6	3.423E-01	1.865E-01	3.603E-01	0.126	34
afdb_P15289_v6	afdb_P07003_v6	2.754E-01	2.523E-01	2.937E-01	0.069	27
afdb_P15289_v6	afdb_P00175_v6	2.769E-01	2.472E-01	3.873E-01	0.069	27
afdb_P15289_v6	afdb_Q6LZM9_v6	2.472E-01	2.745E-01	3.051E-01	0.051	24
afdb_P15289_v6	afdb_P55931_v6	2.742E-01	2.369E-01	2.815E-01	0.069	27
afdb_P15289_v6	afdb_Q9NPB1_v6	1.786E-01	3.303E-01	4.016E-01	0.016	17
afdb_P15289_v6	afdb_P83686_v6	1.996E-01	3.074E-01	3.147E-01	0.024	19
afdb_P15289_v6	afdb_P12998_v6	2.279E-01	2.794E-01	3.080E-01	0.040	22
afdb_P15289_v6	afdb_P00183_v6	2.360E-01	2.704E-01	2.978E-01	0.045	23
afdb_P15289_v6	afdb_P00800_v6	2.597E-01	2.456E-01	3.127E-01	0.057	25
afdb_P15289_v6	afdb_Q00441_v6	2.325E-01	2.717E-01	2.957E-01	0.045	23
afdb_P15289_v6	afdb_P24630_v6	2.393E-01	2.640E-01	2.814E-01	0.045	23
afdb_P15289_v6	afdb_P0A6K3_v6	1.545E-01	3.478E-01	3.539E-01	0.011	15
afdb_P15289_v6	afdb_P00388_v6	2.778E-01	2.255E-01	2.880E-01	0.069	27
afdb_P15289_v6	afdb_P27487_v6	2.866E-01	2.127E-01	3.315E-01	0.076	28
afdb_P15289_v6	afdb_P15034_v6	2.349E-01	2.585E-01	2.748E-01	0.045	23
afdb_P15289_v6	afdb_O33199_v6	1.656E-01	3.275E-01	3.728E-01	0.014	16
afdb_P15289_v6	afdb_P55038_v6	3.472E-01	1.422E-01	3.487E-01	0.126	34
afdb_P15289_v6	afdb_P00455_v6	2.151E-01	2.724E-01	3.212E-01	0.034	21
afdb_P15289_v6	afdb_P77444_v6	2.211E-01	2.576E-01	2.714E-01	0.040	22
afdb_P15289_v6	afdb_P81054_v6	2.038E-01	2.706E-01	2.826E-01	0.029	20
afdb_P15289_v6	afdb_Q28943_v6	2.972E-01	1.759E-01	3.245E-01	0.082	29
afdb_P15289_v6	afdb_P06621_v6	2.139E-01	2.444E-01	3.001E-01	0.034	21
afdb_P15289_v6	afdb_P00592_v6	1.216E-01	3.116E-01	3.449E-01	0.008	12
afdb_P15289_v6	afdb_P14779_v6	2.719E-01	1.593E-01	2.995E-01	0.069	27
afdb_P15289_v6	afdb_P00644_v6	1.504E-01	2.715E-01	3.179E-01	0.011	15
afdb_P15289_v6	afdb_P00750_v6	2.190E-01	2.022E-01	2.987E-01	0.034	21
afdb_P52699_v6	afdb_P25910_v6	8.450E-01	8.352E-01	9.445E-01	0.991	84
afdb_P52699_v6	afdb_P04190_v6	8.047E-01	7.717E-01	9.270E-01	0.984	80
afdb_P52699_v6	afdb_P52700_v6	7.177E-01	6.203E-01	7.728E-01	0.941	71
afdb_P52699_v6	afdb_Q16775_v6	6.937E-01	5.716E-01	7.341E-01	0.923	69
afdb_P52699_v6	afdb_P13717_v6	4.139E-01	3.919E-01	4.303E-01	0.233	41
afdb_P52699_v6	afdb_P53608_v6	4.112E-01	3.571E-01	4.573E-01	0.233	41
afdb_P52699_v6	afdb_O59791_v6	3.848E-01	3.164E-01	4.220E-01	0.179	38
afdb_P52699_v6	afdb_Q02899_v6	4.146E-01	2.848E-01	4.495E-01	0.233	41
afdb_P52699_v6	afdb_P83686_v6	3.600E-01	3.361E-01	4.101E-01	0.150	36
afdb_P52699_v6	afdb_P09367_v6	3.973E-01	2.935E-01	4.430E-01	0.196	39
afdb_P52699_v6	afdb_P0AEZ1_v6	3.642E-01	3.216E-01	4.164E-01	0.150	36
afdb_P52699_v6	afdb_P27170_v6	3.873E-01	2.966E-01	4.423E-01	0.179	38
afdb_P52699_v6	afdb_P05020_v6	3.825E-01	3.025E-01	4.302E-01	0.179	38
afdb_P52699_v6	afdb_P05521_v6	3.702E-01	3.119E-01	4.348E-01	0.164	37
afdb_P52699_v6	afdb_P00639_v6	3.582E-01	3.235E-01	4.260E-01	0.138	35
afdb_P52699_v6	afdb_P0A1E3_v6	3.734E-01	3.068E-01	3.992E-01	0.164	37
afdb_P52699_v6	afdb_P09030_v6	3.495E-01	3.292E-01	4.144E-01	0.126	34
afdb_P52699_v6	afdb_P00455_v6	3.902E-01	2.873E-01	4.516E-01	0.196	39
afdb_P52699_v6	afdb_P05725_v6	2.877E-01	3.851E-01	4.163E-01	0.076	28
afdb_P52699_v6	afdb_Q9FEW9_v6	3.962E-01	2.758E-01	4.319E-01	0.196	39
afdb_P52699_v6	afdb_Q8RB32_v6	3.318E-01	3.346E-01	3.772E-01	0.116	33
afdb_P52699_v6	afdb_P03958_v6	3.690E-01	2.893E-01	4.005E-01	0.150	36
afdb_P52699_v6	afdb_P12995_v6	3.917E-01	2.616E-01	4.152E-01	0.196	39
afdb_P52699_v6	afdb_P00590_v6	3.191E-01	3.340E-01	3.903E-01	0.098	31
afdb_P52699_v6	afdb_P00935_v6	3.791E-01	2.689E-01	4.323E-01	0.164	37
afdb_P52699_v6	afdb_P83772_v6	3.298E-01	3.173E-01	4.059E-01	0.106	32
afdb_P52699_v6	afdb_P04042_v6	3.607E-01	2.823E-01	3.964E-01	0.150	36
afdb_P52699_v6	afdb_Q29460_v6	3.094E-01	3.240E-01	4.601E-01	0.090	30
afdb_P52699_v6	afdb_P96965_v6	3.311E-01	3.018E-01	3.714E-01	0.116	33
afdb_P52699_v6	afdb_Q12178_v6	2.714E-01	3.609E-01	3.747E-01	0.069	27
afdb_P52699_v6	afdb_Q9XBQ8_v6	3.768E-01	2.559E-01	4.350E-01	0.164	37
afdb_P52699_v6	afdb_P08165_v6	3.968E-01	2.335E-01	4.383E-01	0.196	39
afdb_P52699_v6	afdb_Q9UMR5_v6	3.375E-01	2.918E-01	4.278E-01	0.116	33
afdb_P52699_v6	afdb_P06721_v6	3.682E-01	2.592E-01	3.902E-01	0.150	36
afdb_P52699_v6	afdb_Q58989_v6	2.959E-01	3.297E-01	3.980E-01	0.082	29
afdb_P52699_v6	afdb_P16444_v6	3.697E-01	2.541E-01	4.258E-01	0.150	36
afdb_P52699_v6	afdb_Q6LZM9_v6	3.766E-01	2.469E-01	3.922E-01	0.164	37
afdb_P52699_v6	afdb_Q75WN8_v6	3.269E-01	2.958E-01	3.726E-01	0.106	32
afdb_P52699_v6	afdb_P00800_v6	3.979E-01	2.181E-01	4.165E-01	0.196	39
afdb_P52699_v6	afdb_P95468_v6	3.599E-01	2.568E-01	3.901E-01	0.138	35
afdb_P52699_v6	afdb_P0A6T5_v6	2.974E-01	3.181E-01	3.408E-01	0.082	29
afdb_P52699_v6	afdb_Q3HWU8_v6	3.196E-01	2.953E-01	4.025E-01	0.098	31
afdb_P52699_v6	afdb_P0AB77_v6	3.623E-01	2.521E-01	3.818E-01	0.150	36
afdb_P52699_v6	afdb_P53041_v6	3.866E-01	2.257E-01	4.374E-01	0.179	38
afdb_P52699_v6	afdb_P22394_v6	3.915E-01	2.157E-01	3.936E-01	0.196	39
afdb_P52699_v6	afdb_P77444_v6	3.593E-01	2.477E-01	3.935E-01	0.138	35
afdb_P52699_v6	afdb_P39377_v6	3.523E-01	2.513E-01	4.020E-01	0.138	35
afdb_P52699_v6	afdb_P24630_v6	3.598E-01	2.425E-01	3.778E-01	0.138	35
afdb_P52699_v6	afdb_P52279_v6	3.269E-01	2.732E-01	3.700E-01	0.106	32
afdb_P52699_v6	afdb_P35049_v6	3.001E-01	2.985E-01	3.154E-01	0.090	30
afdb_P52699_v6	afdb_P31013_v6	3.652E-01	2.306E-01	4.064E-01	0.150	36
afdb_P52699_v6	afdb_P18314_v6	3.862E-01	2.081E-01	4.257E-01	0.179	38
afdb_P52699_v6	afdb_P83788_v6	3.549E-01	2.388E-01	3.715E-01	0.138	35
afdb_P52699_v6	afdb_Q94702_v6	2.557E-01	3.380E-01	3.677E-01	0.057	25
afdb_P52699_v6	afdb_P16932_v6	3.560E-01	2.377E-01	3.724E-01	0.138	35
afdb_P52699_v6	afdb_Q7ZAG8_v6	3.509E-01	2.406E-01	3.985E-01	0.138	35
afdb_P52699_v6	afdb_P07511_v6	3.672E-01	2.233E-01	3.743E-01	0.150	36
afdb_P52699_v6	afdb_P28796_v6	3.643E-01	2.233E-01	4.072E-01	0.150	36
afdb_P52699_v6	afdb_Q7SID9_v6	3.828E-01	2.036E-01	4.126E-01	0.179	38
afdb_P52699_v6	afdb_P40859_v6	3.417E-01	2.442E-01	3.594E-01	0.126	34
afdb_P52699_v6	afdb_P0A9P4_v6	3.213E-01	2.648E-01	3.588E-01	0.106	32
afdb_P52699_v6	afdb_P22266_v6	3.262E-01	2.565E-01	3.672E-01	0.106	32
afdb_P52699_v6	afdb_P00388_v6	3.994E-01	1.795E-01	4.313E-01	0.196	39
afdb_P52699_v6	afdb_P15289_v6	3.620E-01	2.165E-01	3.895E-01	0.150	36
afdb_P52699_v6	afdb_P80324_v6	3.299E-01	2.467E-01	3.853E-01	0.106	32
afdb_P52699_v6	afdb_P28305_v6	2.960E-01	2.781E-01	3.615E-01	0.082	29
afdb_P52699_v6	afdb_P29183_v6	3.530E-01	2.206E-01	4.292E-01	0.138	35
afdb_P52699_v6	afdb_P30122_v6	3.786E-01	1.941E-01	4.157E-01	0.164	37
afdb_P52699_v6	afdb_P0A6G7_v6	2.692E-01	3.014E-01	3.127E-01	0.063	26
afdb_P52699_v6	afdb_P16099_v6	4.021E-01	1.679E-01	4.311E-01	0.214	40
afdb_P52699_v6	afdb_P42593_v6	3.864E-01	1.832E-01	4.105E-01	0.179	38
afdb_P52699_v6	afdb_P45478_v6	3.065E-01	2.637E-01	3.323E-01	0.090	30
afdb_P52699_v6	afdb_F8W4B7_v6	4.346E-01	1.338E-01	4.538E-01	0.277	43
afdb_P52699_v6	afdb_Q9X9P9_v6	3.288E-01	2.379E-01	3.772E-01	0.106	32
afdb_P52699_v6	afdb_P21836_v6	3.751E-01	1.906E-01	3.987E-01	0.164	37
afdb_P52699_v6	afdb_P00766_v6	2.824E-01	2.832E-01	3.244E-01	0.076	28
afdb_P52699_v6	afdb_P08819_v6	3.441E-01	2.213E-01	4.096E-01	0.126	34
afdb_P52699_v6	afdb_P24474_v6	3.640E-01	2.016E-01	3.790E-01	0.150	36
afdb_P52699_v6	afdb_P81054_v6	3.165E-01	2.459E-01	3.225E-01	0.098	31
afdb_P52699_v6	afdb_P12998_v6	3.235E-01	2.369E-01	3.410E-01	0.106	32
afdb_P52699_v6	afdb_P00914_v6	3.470E-01	2.113E-01	3.727E-01	0.126	34
afdb_P52699_v6	afdb_P19938_v6	2.889E-01	2.613E-01	3.552E-01	0.076	28
afdb_P52699_v6	afdb_P09184_v6	2.299E-01	3.195E-01	3.769E-01	0.040	22
afdb_P52699_v6	afdb_P00636_v6	3.024E-01	2.439E-01	3.393E-01	0.090	30
afdb_P52699_v6	afdb_P56200_v6	2.848E-01	2.581E-01	3.028E-01	0.076	28
afdb_P52699_v6	afdb_P23687_v6	3.704E-01	1.706E-01	3.814E-01	0.164	37
afdb_P52699_v6	afdb_P37062_v6	3.284E-01	2.110E-01	4.047E-01	0.106	32
afdb_P52699_v6	afdb_Q9L9D7_v6	3.490E-01	1.903E-01	3.718E-01	0.126	34
afdb_P52699_v6	afdb_P43099_v6	3.709E-01	1.631E-01	3.832E-01	0.164	37
afdb_P52699_v6	afdb_Q6UV28_v6	2.196E-01	3.116E-01	3.186E-01	0.034	21
afdb_P52699_v6	afdb_P00392_v6	3.443E-01	1.864E-01	3.502E-01	0.126	34
afdb_P52699_v6	afdb_P29474_v6	4.134E-01	1.146E-01	4.255E-01	0.233	41
afdb_P52699_v6	afdb_Q9YHT1_v6	3.603E-01	1.674E-01	4.432E-01	0.150	36
afdb_P52699_v6	afdb_P0CE47_v6	3.072E-01	2.220E-01	3.311E-01	0.090	30
afdb_P52699_v6	afdb_Q945K2_v6	3.436E-01	1.834E-01	3.500E-01	0.126	34
afdb_P52699_v6	afdb_P03007_v6	2.618E-01	2.643E-01	3.359E-01	0.063	26
afdb_P52699_v6	afdb_P07003_v6	3.422E-01	1.786E-01	4.201E-01	0.126	34
afdb_P52699_v6	afdb_P0A6K3_v6	2.284E-01	2.917E-01	3.036E-01	0.040	22
afdb_P52699_v6	afdb_Q56839_v6	3.312E-01	1.888E-01	3.447E-01	0.116	33
afdb_P52699_v6	afdb_P40881_v6	2.591E-01	2.584E-01	2.840E-01	0.057	25
afdb_P52699_v6	afdb_Q6YBS3_v6	3.494E-01	1.675E-01	3.766E-01	0.126	34
afdb_P52699_v6	afdb_P21179_v6	3.595E-01	1.532E-01	3.707E-01	0.138	35
afdb_P52699_v6	afdb_P06621_v6	3.053E-01	2.082E-01	3.474E-01	0.090	30
afdb_P52699_v6	afdb_Q9AGP8_v6	3.703E-01	1.406E-01	3.847E-01	0.164	37
afdb_P52699_v6	afdb_P09598_v6	2.680E-01	2.426E-01	3.063E-01	0.063	26
afdb_P52699_v6	afdb_P14779_v6	3.887E-01	1.212E-01	4.183E-01	0.179	38
afdb_P52699_v6	afdb_P00390_v6	3.284E-01	1.810E-01	3.687E-01	0.106	32
afdb_P52699_v6	afdb_P00489_v6	3.694E-01	1.387E-01	3.991E-01	0.150	36
afdb_P52699_v6	afdb_P96086_v6	3.804E-01	1.262E-01	3.828E-01	0.179	38
afdb_P52699_v6	afdb_P27487_v6	3.551E-01	1.514E-01	3.715E-01	0.138	35
afdb_P52699_v6	afdb_P15034_v6	3.056E-01	1.991E-01	3.478E-01	0.090	30
afdb_P52699_v6	afdb_Q01693_v6	3.139E-01	1.906E-01	3.328E-01	0.098	31
afdb_P52699_v6	afdb_Q06241_v6	2.326E-01	2.652E-01	2.793E-01	0.045	23
afdb_P52699_v6	afdb_O33199_v6	2.341E-01	2.633E-01	3.003E-01	0.045	23
afdb_P52699_v6	afdb_Q28943_v6	3.659E-01	1.236E-01	3.800E-01	0.150	36
afdb_P52699_v6	afdb_P00777_v6	2.620E-01	2.277E-01	3.351E-01	0.063	26
afdb_P52699_v6	afdb_P00644_v6	2.392E-01	2.501E-01	3.731E-01	0.045	23
afdb_P52699_v6	afdb_A1AA28_v6	2.025E-01	2.831E-01	3.298E-01	0.029	20
afdb_P52699_v6	afdb_P22637_v6	3.058E-01	1.703E-01	3.260E-01	0.090	30
afdb_P52699_v6	afdb_Q05755_v6	3.788E-01	8.722E-02	4.299E-01	0.164	37
afdb_P52699_v6	afdb_P30850_v6	3.086E-01	1.505E-01	3.224E-01	0.090	30
afdb_P52699_v6	afdb_P08473_v6	3.232E-01	1.336E-01	3.575E-01	0.106	32
afdb_P52699_v6	afdb_P55038_v6	3.705E-01	8.604E-02	3.972E-01	0.164	37
afdb_P52699_v6	afdb_P55931_v6	3.041E-01	1.509E-01	3.143E-01	0.090	30
afdb_P52699_v6	afdb_P00747_v6	3.221E-01	1.305E-01	3.245E-01	0.106	32
afdb_P52699_v6	afdb_P46076_v6	2.480E-01	1.978E-01	2.792E-01	0.051	24
afdb_P52699_v6	afdb_P00750_v6	2.836E-01	1.535E-01	3.237E-01	0.076	28
afdb_P52699_v6	afdb_O13297_v6	2.718E-01	1.514E-01	2.945E-01	0.069	27
afdb_P52699_v6	afdb_O16025_v6	3.167E-01	9.800E-02	3.412E-01	0.098	31
afdb_P52699_v6	afdb_P09883_v6	2.497E-01	1.335E-01	2.575E-01	0.051	24
afdb_Q59490_v6	afdb_P03958_v6	2.375E-01	4.380E-01	4.420E-01	0.045	23
afdb_Q59490_v6	afdb_P39377_v6	2.336E-01	3.955E-01	4.391E-01	0.045	23
afdb_Q59490_v6	afdb_Q9FEW9_v6	2.356E-01	3.919E-01	4.655E-01	0.045	23
afdb_Q59490_v6	afdb_P00175_v6	2.829E-01	3.367E-01	4.291E-01	0.076	28
afdb_Q59490_v6	afdb_Q02899_v6	2.356E-01	3.797E-01	4.039E-01	0.045	23
afdb_Q59490_v6	afdb_P37063_v6	2.845E-01	3.297E-01	3.362E-01	0.076	28
afdb_Q59490_v6	afdb_Q29460_v6	1.747E-01	4.339E-01	4.509E-01	0.016	17
afdb_Q59490_v6	afdb_P56216_v6	2.676E-01	3.284E-01	3.317E-01	0.063	26
afdb_Q59490_v6	afdb_P18314_v6	2.665E-01	3.285E-01	3.445E-01	0.063	26
afdb_Q59490_v6	afdb_P0A6C1_v6	1.918E-01	3.956E-01	4.400E-01	0.024	19
afdb_Q59490_v6	afdb_P05020_v6	2.075E-01	3.794E-01	4.128E-01	0.029	20
afdb_Q59490_v6	afdb_P10902_v6	2.591E-01	3.261E-01	3.499E-01	0.057	25
afdb_Q59490_v6	afdb_Q6LZM9_v6	2.322E-01	3.490E-01	3.962E-01	0.045	23
afdb_Q59490_v6	afdb_P12995_v6	2.314E-01	3.453E-01	3.549E-01	0.045	23
afdb_Q59490_v6	afdb_P0A6G7_v6	1.505E-01	4.206E-01	4.592E-01	0.011	15
afdb_Q59490_v6	afdb_P08473_v6	2.865E-01	2.834E-01	3.379E-01	0.076	28
afdb_Q59490_v6	afdb_P05414_v6	2.126E-01	3.545E-01	3.984E-01	0.034	21
afdb_Q59490_v6	afdb_P00639_v6	1.833E-01	3.834E-01	3.844E-01	0.020	18
afdb_Q59490_v6	afdb_P37957_v6	1.515E-01	4.143E-01	4.378E-01	0.011	15
afdb_Q59490_v6	afdb_Q9X9P9_v6	2.141E-01	3.503E-01	3.907E-01	0.034	21
afdb_Q59490_v6	afdb_Q9YHT1_v6	2.713E-01	2.928E-01	3.366E-01	0.069	27
afdb_Q59490_v6	afdb_F8W4B7_v6	3.215E-01	2.414E-01	3.426E-01	0.106	32
afdb_Q59490_v6	afdb_P37967_v6	2.356E-01	3.270E-01	3.391E-01	0.045	23
afdb_Q59490_v6	afdb_P95468_v6	2.160E-01	3.454E-01	3.558E-01	0.034	21
afdb_Q59490_v6	afdb_P53608_v6	1.857E-01	3.725E-01	3.890E-01	0.020	18
afdb_Q59490_v6	afdb_P24630_v6	2.248E-01	3.310E-01	3.446E-01	0.040	22
afdb_Q59490_v6	afdb_O58727_v6	1.363E-01	4.166E-01	4.261E-01	0.009	13
afdb_Q59490_v6	afdb_P0CE47_v6	2.119E-01	3.403E-01	3.575E-01	0.034	21
afdb_Q59490_v6	afdb_P08819_v6	2.241E-01	3.282E-01	3.374E-01	0.040	22
afdb_Q59490_v6	afdb_P28796_v6	2.295E-01	3.209E-01	3.411E-01	0.040	22
afdb_Q59490_v6	afdb_P00935_v6	2.093E-01	3.377E-01	3.464E-01	0.029	20
afdb_Q59490_v6	afdb_Q05769_v6	2.523E-01	2.942E-01	3.372E-01	0.057	25
afdb_Q59490_v6	afdb_P53041_v6	2.351E-01	3.115E-01	3.171E-01	0.045	23
afdb_Q59490_v6	afdb_P07511_v6	2.313E-01	3.149E-01	3.158E-01	0.045	23
afdb_Q59490_v6	afdb_P22637_v6	2.432E-01	3.011E-01	3.331E-01	0.051	24
afdb_Q59490_v6	afdb_P09960_v6	2.512E-01	2.889E-01	2.919E-01	0.057	25
afdb_Q59490_v6	afdb_P00590_v6	1.559E-01	3.832E-01	4.128E-01	0.011	15
afdb_Q59490_v6	afdb_Q75WN8_v6	1.766E-01	3.600E-01	3.816E-01	0.016	17
afdb_Q59490_v6	afdb_Q9XBQ8_v6	2.105E-01	3.253E-01	4.102E-01	0.034	21
afdb_Q59490_v6	afdb_P06721_v6	2.069E-01	3.278E-01	3.319E-01	0.029	20
afdb_Q59490_v6	afdb_P40859_v6	2.041E-01	3.302E-01	3.648E-01	0.029	20
afdb_Q59490_v6	afdb_A0A0C6DRW4_v6	2.136E-01	3.199E-01	3.223E-01	0.034	21
afdb_Q59490_v6	afdb_P13717_v6	1.659E-01	3.657E-01	3.866E-01	0.014	16
afdb_Q59490_v6	afdb_P10688_v6	2.673E-01	2.632E-01	2.793E-01	0.063	26
afdb_Q59490_v6	afdb_P55931_v6	2.474E-01	2.828E-01	3.348E-01	0.051	24
afdb_Q59490_v6	afdb_P05521_v6	1.742E-01	3.525E-01	3.641E-01	0.016	17
afdb_Q59490_v6	afdb_P00860_v6	2.178E-01	3.085E-01	3.090E-01	0.034	21
afdb_Q59490_v6	afdb_Q9L9D7_v6	2.382E-01	2.877E-01	3.206E-01	0.045	23
afdb_Q59490_v6	afdb_P21327_v6	2.013E-01	3.208E-01	3.368E-01	0.029	20
afdb_Q59490_v6	afdb_P96965_v6	1.679E-01	3.540E-01	3.548E-01	0.014	16
afdb_Q59490_v6	afdb_P08373_v6	1.894E-01	3.317E-01	3.337E-01	0.020	18
afdb_Q59490_v6	afdb_P04042_v6	1.848E-01	3.350E-01	3.422E-01	0.020	18
afdb_Q59490_v6	afdb_P22394_v6	2.321E-01	2.867E-01	3.046E-01	0.045	23
afdb_Q59490_v6	afdb_P80324_v6	1.924E-01	3.236E-01	3.273E-01	0.024	19
afdb_Q59490_v6	afdb_P00396_v6	2.249E-01	2.917E-01	2.929E-01	0.040	22
afdb_Q59490_v6	afdb_P24474_v6	2.330E-01	2.813E-01	2.965E-01	0.045	23
afdb_Q59490_v6	afdb_P83686_v6	1.640E-01	3.495E-01	3.593E-01	0.014	16
afdb_Q59490_v6	afdb_Q28943_v6	2.882E-01	2.246E-01	2.952E-01	0.076	28
afdb_Q59490_v6	afdb_A5JUY8_v6	2.525E-01	2.595E-01	2.784E-01	0.057	25
afdb_Q59490_v6	afdb_P48534_v6	1.581E-01	3.529E-01	3.807E-01	0.011	15
afdb_Q59490_v6	afdb_Q7SID9_v6	2.301E-01	2.809E-01	3.014E-01	0.040	22
afdb_Q59490_v6	afdb_P09184_v6	1.164E-01	3.934E-01	4.188E-01	0.007	11
afdb_Q59490_v6	afdb_P42593_v6	2.457E-01	2.630E-01	2.871E-01	0.051	24
afdb_Q59490_v6	afdb_P04190_v6	1.562E-01	3.512E-01	3.786E-01	0.011	15
afdb_Q59490_v6	afdb_P30122_v6	2.348E-01	2.735E-01	2.978E-01	0.045	23
afdb_Q59490_v6	afdb_P52279_v6	1.764E-01	3.294E-01	3.315E-01	0.016	17
afdb_Q59490_v6	afdb_P16099_v6	2.495E-01	2.518E-01	2.808E-01	0.051	24
afdb_Q59490_v6	afdb_Q9AGP8_v6	2.611E-01	2.404E-01	2.764E-01	0.063	26
afdb_Q59490_v6	afdb_Q05755_v6	3.176E-01	1.836E-01	3.224E-01	0.098	31
afdb_Q59490_v6	afdb_O59791_v6	1.755E-01	3.245E-01	3.420E-01	0.016	17
afdb_Q59490_v6	afdb_P29183_v6	2.075E-01	2.932E-01	3.140E-01	0.029	20
afdb_Q59490_v6	afdb_P15289_v6	2.154E-01	2.842E-01	3.037E-01	0.034	21
afdb_Q59490_v6	afdb_P00392_v6	2.243E-01	2.739E-01	2.825E-01	0.040	22
afdb_Q59490_v6	afdb_P21836_v6	2.320E-01	2.662E-01	2.926E-01	0.045	23
afdb_Q59490_v6	afdb_P05725_v6	1.113E-01	3.843E-01	4.426E-01	0.007	11
afdb_Q59490_v6	afdb_P83788_v6	1.973E-01	2.980E-01	3.059E-01	0.024	19
afdb_Q59490_v6	afdb_P00388_v6	2.398E-01	2.550E-01	2.668E-01	0.045	23
afdb_Q59490_v6	afdb_P0A1E3_v6	1.741E-01	3.197E-01	3.400E-01	0.016	17
afdb_Q59490_v6	afdb_P09598_v6	1.600E-01	3.344E-01	3.729E-01	0.011	15
afdb_Q59490_v6	afdb_Q6YBS3_v6	2.337E-01	2.600E-01	2.893E-01	0.045	23
afdb_Q59490_v6	afdb_P46076_v6	1.787E-01	3.139E-01	3.392E-01	0.016	17
afdb_Q59490_v6	afdb_P27487_v6	2.488E-01	2.423E-01	2.738E-01	0.051	24
afdb_Q59490_v6	afdb_P08165_v6	2.079E-01	2.825E-01	3.056E-01	0.029	20
afdb_Q59490_v6	afdb_Q945K2_v6	2.207E-01	2.693E-01	3.355E-01	0.040	22
afdb_Q59490_v6	afdb_P25910_v6	1.493E-01	3.399E-01	3.866E-01	0.010	14
afdb_Q59490_v6	afdb_Q9NPB1_v6	1.404E-01	3.484E-01	4.078E-01	0.010	14
afdb_Q59490_v6	afdb_P52700_v6	1.619E-01	3.267E-01	3.593E-01	0.014	16
afdb_Q59490_v6	afdb_Q56839_v6	2.128E-01	2.751E-01	2.892E-01	0.034	21
afdb_Q59490_v6	afdb_O68557_v6	1.627E-01	3.238E-01	3.404E-01	0.014	16
afdb_Q59490_v6	afdb_Q00441_v6	1.889E-01	2.969E-01	3.175E-01	0.020	18
afdb_Q59490_v6	afdb_P55038_v6	3.104E-01	1.759E-01	3.222E-01	0.098	31
afdb_Q59490_v6	afdb_Q7ZAG8_v6	1.925E-01	2.916E-01	3.144E-01	0.024	19
afdb_Q59490_v6	afdb_P00455_v6	1.830E-01	2.996E-01	3.082E-01	0.020	18
afdb_Q59490_v6	afdb_P06621_v6	1.911E-01	2.916E-01	3.178E-01	0.024	19
afdb_Q59490_v6	afdb_P19938_v6	1.577E-01	3.198E-01	3.232E-01	0.011	15
afdb_Q59490_v6	afdb_Q01693_v6	2.053E-01	2.717E-01	3.155E-01	0.029	20
afdb_Q59490_v6	afdb_P37062_v6	1.942E-01	2.794E-01	2.891E-01	0.024	19
afdb_Q59490_v6	afdb_P14779_v6	2.604E-01	2.033E-01	2.919E-01	0.063	26
afdb_Q59490_v6	afdb_P09367_v6	1.712E-01	2.889E-01	2.911E-01	0.016	17
afdb_Q59490_v6	afdb_O31156_v6	1.475E-01	3.111E-01	3.187E-01	0.010	14
afdb_Q59490_v6	afdb_Q58989_v6	1.220E-01	3.344E-01	3.550E-01	0.008	12
afdb_Q59490_v6	afdb_P31013_v6	1.876E-01	2.678E-01	2.714E-01	0.020	18
afdb_Q59490_v6	afdb_P00390_v6	1.984E-01	2.568E-01	3.136E-01	0.024	19
afdb_Q59490_v6	afdb_P00750_v6	2.053E-01	2.497E-01	2.744E-01	0.029	20
afdb_Q59490_v6	afdb_P00777_v6	1.507E-01	2.947E-01	3.375E-01	0.011	15
afdb_Q59490_v6	afdb_O13297_v6	1.986E-01	2.468E-01	2.496E-01	0.024	19
afdb_Q59490_v6	afdb_O33199_v6	1.231E-01	3.215E-01	3.442E-01	0.008	12
afdb_Q59490_v6	afdb_A1AA28_v6	1.021E-01	3.305E-01	3.319E-01	0.000	10
afdb_Q59490_v6	afdb_P29474_v6	2.562E-01	1.755E-01	2.681E-01	0.057	25
afdb_Q59490_v6	afdb_P00747_v6	2.214E-01	2.072E-01	2.476E-01	0.040	22
afdb_Q59490_v6	afdb_P12821_v6	2.525E-01	1.648E-01	2.904E-01	0.057	25
afdb_Q59490_v6	afdb_P0A6K3_v6	1.026E-01	3.148E-01	3.218E-01	0.000	10
afdb_Q6NSJ0_v6	afdb_P0A6C1_v6	2.776E-01	5.946E-01	5.962E-01	0.069	27
afdb_Q6NSJ0_v6	afdb_P0AEZ1_v6	2.675E-01	5.767E-01	6.151E-01	0.063	26
afdb_Q6NSJ0_v6	afdb_Q8RB32_v6	2.319E-01	5.800E-01	5.819E-01	0.045	23
afdb_Q6NSJ0_v6	afdb_Q9FEW9_v6	3.040E-01	5.010E-01	6.259E-01	0.090	30
afdb_Q6NSJ0_v6	afdb_Q02899_v6	3.038E-01	4.956E-01	6.230E-01	0.090	30
afdb_Q6NSJ0_v6	afdb_P05414_v6	2.693E-01	4.714E-01	5.018E-01	0.063	26
afdb_Q6NSJ0_v6	afdb_P16444_v6	2.835E-01	4.495E-01	5.524E-01	0.076	28
afdb_Q6NSJ0_v6	afdb_P03958_v6	2.578E-01	4.606E-01	5.350E-01	0.057	25
afdb_Q6NSJ0_v6	afdb_P39377_v6	2.494E-01	4.135E-01	5.395E-01	0.051	24
afdb_Q6NSJ0_v6	afdb_Q9XBQ8_v6	2.587E-01	4.015E-01	4.457E-01	0.057	25
afdb_Q6NSJ0_v6	afdb_P05020_v6	2.407E-01	4.178E-01	4.303E-01	0.051	24
afdb_Q6NSJ0_v6	afdb_P42593_v6	3.096E-01	3.263E-01	5.462E-01	0.090	30
afdb_Q6NSJ0_v6	afdb_P09030_v6	1.970E-01	4.131E-01	4.152E-01	0.024	19
afdb_Q6NSJ0_v6	afdb_P22394_v6	2.737E-01	3.274E-01	3.359E-01	0.069	27
afdb_Q6NSJ0_v6	afdb_P37967_v6	2.555E-01	3.416E-01	3.446E-01	0.057	25
afdb_Q6NSJ0_v6	afdb_Q00017_v6	1.861E-01	4.097E-01	4.324E-01	0.020	18
afdb_Q6NSJ0_v6	afdb_Q29460_v6	1.722E-01	4.193E-01	4.550E-01	0.016	17
afdb_Q6NSJ0_v6	afdb_P00175_v6	2.697E-01	3.170E-01	5.006E-01	0.063	26
afdb_Q6NSJ0_v6	afdb_Q6UV28_v6	1.318E-01	4.521E-01	4.541E-01	0.009	13
afdb_Q6NSJ0_v6	afdb_P30122_v6	2.712E-01	3.111E-01	3.362E-01	0.069	27
afdb_Q6NSJ0_v6	afdb_P37063_v6	2.715E-01	3.089E-01	3.340E-01	0.069	27
afdb_Q6NSJ0_v6	afdb_P21836_v6	2.722E-01	3.047E-01	3.340E-01	0.069	27
afdb_Q6NSJ0_v6	afdb_P07003_v6	2.643E-01	3.113E-01	3.281E-01	0.063	26
afdb_Q6NSJ0_v6	afdb_P53041_v6	2.477E-01	3.272E-01	3.452E-01	0.051	24
afdb_Q6NSJ0_v6	afdb_P24474_v6	2.638E-01	3.113E-01	3.253E-01	0.063	26
afdb_Q6NSJ0_v6	afdb_P53608_v6	1.969E-01	3.769E-01	3.778E-01	0.024	19
afdb_Q6NSJ0_v6	afdb_O58727_v6	1.414E-01	4.301E-01	4.709E-01	0.010	14
afdb_Q6NSJ0_v6	afdb_P18314_v6	2.607E-01	3.094E-01	3.301E-01	0.057	25
afdb_Q6NSJ0_v6	afdb_P00639_v6	1.876E-01	3.787E-01	4.347E-01	0.020	18
afdb_Q6NSJ0_v6	afdb_P16099_v6	2.829E-01	2.778E-01	5.391E-01	0.076	28
afdb_Q6NSJ0_v6	afdb_P55038_v6	3.681E-01	1.920E-01	4.211E-01	0.150	36
afdb_Q6NSJ0_v6	afdb_P29183_v6	2.336E-01	3.258E-01	3.377E-01	0.045	23
afdb_Q6NSJ0_v6	afdb_P31013_v6	2.338E-01	3.262E-01	3.341E-01	0.045	23
afdb_Q6NSJ0_v6	afdb_P37957_v6	1.597E-01	3.991E-01	4.443E-01	0.011	15
afdb_Q6NSJ0_v6	afdb_P77444_v6	2.181E-01	3.391E-01	4.424E-01	0.034	21
afdb_Q6NSJ0_v6	afdb_P08819_v6	2.297E-01	3.271E-01	3.274E-01	0.040	22
afdb_Q6NSJ0_v6	afdb_P19938_v6	1.823E-01	3.707E-01	3.734E-01	0.020	18
afdb_Q6NSJ0_v6	afdb_P00636_v6	2.010E-01	3.519E-01	3.797E-01	0.029	20
afdb_Q6NSJ0_v6	afdb_Q12178_v6	1.314E-01	4.202E-01	4.543E-01	0.009	13
afdb_Q6NSJ0_v6	afdb_P52700_v6	1.852E-01	3.652E-01	3.671E-01	0.020	18
afdb_Q6NSJ0_v6	afdb_P04042_v6	2.020E-01	3.487E-01	3.538E-01	0.029	20
afdb_Q6NSJ0_v6	afdb_P00489_v6	2.910E-01	2.558E-01	3.449E-01	0.082	29
afdb_Q6NSJ0_v6	afdb_Q56839_v6	2.431E-01	3.039E-01	3.054E-01	0.051	24
afdb_Q6NSJ0_v6	afdb_P83788_v6	2.148E-01	3.291E-01	4.488E-01	0.034	21
afdb_Q6NSJ0_v6	afdb_P28796_v6	2.274E-01	3.150E-01	3.248E-01	0.040	22
afdb_Q6NSJ0_v6	afdb_Q7SID9_v6	2.469E-01	2.942E-01	2.998E-01	0.051	24
afdb_Q6NSJ0_v6	afdb_P05521_v6	1.837E-01	3.569E-01	4.096E-01	0.020	18
afdb_Q6NSJ0_v6	afdb_P12998_v6	2.056E-01	3.346E-01	4.519E-01	0.029	20
afdb_Q6NSJ0_v6	afdb_Q9L9D7_v6	2.493E-01	2.917E-01	3.024E-01	0.051	24
afdb_Q6NSJ0_v6	afdb_P00388_v6	2.650E-01	2.750E-01	2.806E-01	0.063	26
afdb_Q6NSJ0_v6	afdb_P0CE47_v6	2.078E-01	3.315E-01	3.328E-01	0.029	20
afdb_Q6NSJ0_v6	afdb_O59791_v6	1.891E-01	3.490E-01	3.662E-01	0.020	18
afdb_Q6NSJ0_v6	afdb_P95468_v6	2.073E-01	3.295E-01	4.228E-01	0.029	20
afdb_Q6NSJ0_v6	afdb_Q7ZAG8_v6	2.146E-01	3.212E-01	3.217E-01	0.034	21
afdb_Q6NSJ0_v6	afdb_Q58989_v6	1.463E-01	3.880E-01	4.059E-01	0.010	14
afdb_Q6NSJ0_v6	afdb_P45478_v6	1.824E-01	3.518E-01	3.747E-01	0.020	18
afdb_Q6NSJ0_v6	afdb_P0A6G7_v6	1.483E-01	3.842E-01	3.997E-01	0.010	14
afdb_Q6NSJ0_v6	afdb_P21327_v6	2.083E-01	3.238E-01	3.449E-01	0.029	20
afdb_Q6NSJ0_v6	afdb_Q16775_v6	1.862E-01	3.454E-01	3.461E-01	0.020	18
afdb_Q6NSJ0_v6	afdb_P0A1E3_v6	1.890E-01	3.392E-01	3.682E-01	0.020	18
afdb_Q6NSJ0_v6	afdb_P0A6T5_v6	1.574E-01	3.689E-01	3.706E-01	0.011	15
afdb_Q6NSJ0_v6	afdb_P28305_v6	1.739E-01	3.523E-01	3.548E-01	0.016	17
afdb_Q6NSJ0_v6	afdb_P00392_v6	2.396E-01	2.860E-01	3.019E-01	0.045	23
afdb_Q6NSJ0_v6	afdb_Q05755_v6	3.369E-01	1.879E-01	3.686E-01	0.116	33
afdb_Q6NSJ0_v6	afdb_P27487_v6	2.673E-01	2.537E-01	2.961E-01	0.063	26
afdb_Q6NSJ0_v6	afdb_P43099_v6	2.622E-01	2.577E-01	3.288E-01	0.063	26
afdb_Q6NSJ0_v6	afdb_P24630_v6	2.127E-01	3.061E-01	3.099E-01	0.034	21
afdb_Q6NSJ0_v6	afdb_P96965_v6	1.704E-01	3.478E-01	3.790E-01	0.016	17
afdb_Q6NSJ0_v6	afdb_P07511_v6	2.213E-01	2.966E-01	3.082E-01	0.040	22
afdb_Q6NSJ0_v6	afdb_Q3HWU8_v6	1.706E-01	3.464E-01	3.473E-01	0.016	17
afdb_Q6NSJ0_v6	afdb_Q6LZM9_v6	2.101E-01	3.070E-01	3.218E-01	0.029	20
afdb_Q6NSJ0_v6	afdb_P09960_v6	2.436E-01	2.730E-01	2.812E-01	0.051	24
afdb_Q6NSJ0_v6	afdb_Q75WN8_v6	1.726E-01	3.422E-01	3.428E-01	0.016	17
afdb_Q6NSJ0_v6	afdb_P27170_v6	1.934E-01	3.217E-01	3.334E-01	0.024	19
afdb_Q6NSJ0_v6	afdb_P00777_v6	1.725E-01	3.400E-01	3.594E-01	0.016	17
afdb_Q6NSJ0_v6	afdb_P00914_v6	2.160E-01	2.952E-01	3.006E-01	0.034	21
afdb_Q6NSJ0_v6	afdb_F8W4B7_v6	2.960E-01	2.178E-01	2.963E-01	0.082	29
afdb_Q6NSJ0_v6	afdb_P08473_v6	2.597E-01	2.506E-01	2.745E-01	0.057	25
afdb_Q6NSJ0_v6	afdb_P14779_v6	2.925E-01	2.174E-01	3.281E-01	0.082	29
afdb_Q6NSJ0_v6	afdb_Q01693_v6	2.198E-01	2.876E-01	3.651E-01	0.034	21
afdb_Q6NSJ0_v6	afdb_Q28943_v6	2.927E-01	2.141E-01	4.686E-01	0.082	29
afdb_Q6NSJ0_v6	afdb_P09367_v6	1.908E-01	3.149E-01	3.195E-01	0.024	19
afdb_Q6NSJ0_v6	afdb_P00590_v6	1.448E-01	3.607E-01	3.984E-01	0.010	14
afdb_Q6NSJ0_v6	afdb_P05725_v6	1.188E-01	3.833E-01	4.332E-01	0.007	11
afdb_Q6NSJ0_v6	afdb_P40859_v6	1.948E-01	3.038E-01	3.403E-01	0.024	19
afdb_Q6NSJ0_v6	afdb_P00396_v6	2.190E-01	2.795E-01	3.021E-01	0.034	21
afdb_Q6NSJ0_v6	afdb_P83686_v6	1.633E-01	3.340E-01	3.410E-01	0.014	16
afdb_Q6NSJ0_v6	afdb_A5JUY8_v6	2.478E-01	2.483E-01	2.735E-01	0.051	24
afdb_Q6NSJ0_v6	afdb_P0AB77_v6	1.922E-01	3.031E-01	3.452E-01	0.024	19
afdb_Q6NSJ0_v6	afdb_P00800_v6	2.261E-01	2.708E-01	2.724E-01	0.040	22
afdb_Q6NSJ0_v6	afdb_P04190_v6	1.581E-01	3.359E-01	3.660E-01	0.011	15
afdb_Q6NSJ0_v6	afdb_O68557_v6	1.666E-01	3.268E-01	3.364E-01	0.014	16
afdb_Q6NSJ0_v6	afdb_P13717_v6	1.607E-01	3.318E-01	3.424E-01	0.014	16
afdb_Q6NSJ0_v6	afdb_P81054_v6	1.809E-01	3.120E-01	3.146E-01	0.020	18
afdb_Q6NSJ0_v6	afdb_Q9HXE3_v6	1.862E-01	3.011E-01	3.023E-01	0.020	18
afdb_Q6NSJ0_v6	afdb_P96086_v6	2.815E-01	2.052E-01	2.860E-01	0.076	28
afdb_Q6NSJ0_v6	afdb_P00935_v6	1.872E-01	2.990E-01	3.276E-01	0.020	18
afdb_Q6NSJ0_v6	afdb_P12995_v6	1.987E-01	2.871E-01	2.936E-01	0.024	19
afdb_Q6NSJ0_v6	afdb_P16932_v6	1.975E-01	2.888E-01	2.918E-01	0.024	19
afdb_Q6NSJ0_v6	afdb_P10844_v6	2.957E-01	1.873E-01	3.014E-01	0.082	29
afdb_Q6NSJ0_v6	afdb_P00750_v6	2.192E-01	2.625E-01	2.768E-01	0.034	21
afdb_Q6NSJ0_v6	afdb_P09883_v6	2.235E-01	2.590E-01	2.629E-01	0.040	22
afdb_Q6NSJ0_v6	afdb_P23687_v6	2.387E-01	2.397E-01	2.652E-01	0.045	23
afdb_Q6NSJ0_v6	afdb_Q6YBS3_v6	2.296E-01	2.487E-01	2.747E-01	0.040	22
afdb_Q6NSJ0_v6	afdb_P46076_v6	1.805E-01	2.954E-01	3.113E-01	0.020	18
afdb_Q6NSJ0_v6	afdb_P00455_v6	1.798E-01	2.964E-01	3.148E-01	0.016	17
afdb_Q6NSJ0_v6	afdb_P06721_v6	1.882E-01	2.866E-01	3.013E-01	0.020	18
afdb_Q6NSJ0_v6	afdb_P48534_v6	1.512E-01	3.233E-01	3.319E-01	0.011	15
afdb_Q6NSJ0_v6	afdb_P06621_v6	1.848E-01	2.824E-01	2.859E-01	0.020	18
afdb_Q6NSJ0_v6	afdb_P15917_v6	2.431E-01	2.213E-01	2.625E-01	0.051	24
afdb_Q6NSJ0_v6	afdb_O16025_v6	2.659E-01	1.970E-01	2.879E-01	0.063	26
afdb_Q6NSJ0_v6	afdb_P56218_v6	1.578E-01	3.017E-01	3.266E-01	0.011	15
afdb_Q6NSJ0_v6	afdb_P35049_v6	1.433E-01	3.145E-01	3.260E-01	0.010	14
afdb_Q6NSJ0_v6	afdb_P09184_v6	1.052E-01	3.510E-01	3.786E-01	0.000	10
afdb_Q6NSJ0_v6	afdb_O33199_v6	1.288E-01	3.272E-01	3.518E-01	0.008	12
afdb_Q6NSJ0_v6	afdb_P08373_v6	1.685E-01	2.863E-01	3.073E-01	0.014	16
afdb_Q6NSJ0_v6	afdb_P30850_v6	2.162E-01	2.323E-01	2.396E-01	0.034	21
afdb_Q6NSJ0_v6	afdb_P55931_v6	2.108E-01	2.344E-01	2.441E-01	0.034	21
afdb_Q6NSJ0_v6	afdb_P09598_v6	1.459E-01	2.936E-01	2.999E-01	0.010	14
afdb_Q6NSJ0_v6	afdb_P80324_v6	1.616E-01	2.701E-01	3.185E-01	0.014	16
afdb_Q6NSJ0_v6	afdb_P83772_v6	1.342E-01	2.903E-01	2.975E-01	0.009	13
afdb_Q6NSJ0_v6	afdb_P0A9P4_v6	1.464E-01	2.659E-01	3.193E-01	0.010	14
afdb_Q6NSJ0_v6	afdb_O13297_v6	1.673E-01	2.027E-01	2.365E-01	0.014	16
afdb_Q79MP6_v6	afdb_P25910_v6	8.422E-01	8.325E-01	9.411E-01	0.991	84
afdb_Q79MP6_v6	afdb_P04190_v6	8.031E-01	7.704E-01	9.253E-01	0.984	80
afdb_Q79MP6_v6	afdb_P52700_v6	7.202E-01	6.217E-01	7.854E-01	0.949	72
afdb_Q79MP6_v6	afdb_Q16775_v6	6.941E-01	5.721E-01	7.346E-01	0.923	69
afdb_Q79MP6_v6	afdb_P53608_v6	4.092E-01	3.560E-01	4.542E-01	0.214	40
afdb_Q79MP6_v6	afdb_O59791_v6	3.854E-01	3.167E-01	4.253E-01	0.179	38
afdb_Q79MP6_v6	afdb_P05020_v6	3.924E-01	3.071E-01	4.411E-01	0.196	39
afdb_Q79MP6_v6	afdb_Q02899_v6	4.131E-01	2.842E-01	4.551E-01	0.233	41
afdb_Q79MP6_v6	afdb_P09367_v6	4.004E-01	2.964E-01	4.475E-01	0.214	40
afdb_Q79MP6_v6	afdb_P83686_v6	3.575E-01	3.335E-01	4.127E-01	0.138	35
afdb_Q79MP6_v6	afdb_P05521_v6	3.725E-01	3.156E-01	4.356E-01	0.164	37
afdb_Q79MP6_v6	afdb_P27170_v6	3.884E-01	2.963E-01	4.446E-01	0.179	38
afdb_Q79MP6_v6	afdb_P00639_v6	3.587E-01	3.240E-01	4.270E-01	0.138	35
afdb_Q79MP6_v6	afdb_P00455_v6	3.926E-01	2.882E-01	4.551E-01	0.196	39
afdb_Q79MP6_v6	afdb_P0A1E3_v6	3.730E-01	3.079E-01	3.966E-01	0.164	37
afdb_Q79MP6_v6	afdb_Q9FEW9_v6	4.004E-01	2.785E-01	4.374E-01	0.214	40
afdb_Q79MP6_v6	afdb_P05725_v6	2.881E-01	3.876E-01	4.206E-01	0.076	28
afdb_Q79MP6_v6	afdb_P09030_v6	3.478E-01	3.272E-01	4.157E-01	0.126	34
afdb_Q79MP6_v6	afdb_Q8RB32_v6	3.322E-01	3.345E-01	3.769E-01	0.116	33
afdb_Q79MP6_v6	afdb_P83772_v6	3.362E-01	3.230E-01	4.128E-01	0.116	33
afdb_Q79MP6_v6	afdb_P22394_v6	4.325E-01	2.242E-01	4.377E-01	0.277	43
afdb_Q79MP6_v6	afdb_P0AEZ1_v6	3.479E-01	3.065E-01	3.918E-01	0.126	34
afdb_Q79MP6_v6	afdb_Q3HWU8_v6	3.394E-01	3.118E-01	4.071E-01	0.116	33
afdb_Q79MP6_v6	afdb_P00935_v6	3.795E-01	2.686E-01	4.322E-01	0.164	37
afdb_Q79MP6_v6	afdb_Q75WN8_v6	3.391E-01	3.050E-01	4.068E-01	0.116	33
afdb_Q79MP6_v6	afdb_Q12178_v6	2.744E-01	3.676E-01	3.789E-01	0.069	27
afdb_Q79MP6_v6	afdb_P04042_v6	3.600E-01	2.810E-01	4.000E-01	0.138	35
afdb_Q79MP6_v6	afdb_P96965_v6	3.309E-01	3.020E-01	3.687E-01	0.116	33
afdb_Q79MP6_v6	afdb_Q9XBQ8_v6	3.761E-01	2.565E-01	4.330E-01	0.164	37
afdb_Q79MP6_v6	afdb_Q9UMR5_v6	3.357E-01	2.901E-01	4.224E-01	0.116	33
afdb_Q79MP6_v6	afdb_P08165_v6	3.895E-01	2.307E-01	4.321E-01	0.179	38
afdb_Q79MP6_v6	afdb_Q58989_v6	2.937E-01	3.267E-01	3.942E-01	0.082	29
afdb_Q79MP6_v6	afdb_Q6LZM9_v6	3.728E-01	2.454E-01	3.876E-01	0.164	37
afdb_Q79MP6_v6	afdb_P00800_v6	3.990E-01	2.183E-01	4.157E-01	0.196	39
afdb_Q79MP6_v6	afdb_Q00017_v6	3.101E-01	3.068E-01	3.488E-01	0.098	31
afdb_Q79MP6_v6	afdb_P0AB77_v6	3.599E-01	2.523E-01	3.807E-01	0.138	35
afdb_Q79MP6_v6	afdb_P40859_v6	3.581E-01	2.542E-01	4.240E-01	0.138	35
afdb_Q79MP6_v6	afdb_A0A0C6DRW4_v6	3.621E-01	2.445E-01	3.811E-01	0.150	36
afdb_Q79MP6_v6	afdb_Q29460_v6	2.966E-01	3.080E-01	3.456E-01	0.082	29
afdb_Q79MP6_v6	afdb_P52279_v6	3.275E-01	2.764E-01	3.740E-01	0.106	32
afdb_Q79MP6_v6	afdb_P77444_v6	3.565E-01	2.453E-01	3.873E-01	0.138	35
afdb_Q79MP6_v6	afdb_P28796_v6	3.720E-01	2.290E-01	3.980E-01	0.164	37
afdb_Q79MP6_v6	afdb_P24630_v6	3.576E-01	2.435E-01	3.714E-01	0.138	35
afdb_Q79MP6_v6	afdb_P95468_v6	3.516E-01	2.493E-01	3.806E-01	0.138	35
afdb_Q79MP6_v6	afdb_P39377_v6	3.467E-01	2.521E-01	3.927E-01	0.126	34
afdb_Q79MP6_v6	afdb_Q94702_v6	2.560E-01	3.393E-01	3.637E-01	0.057	25
afdb_Q79MP6_v6	afdb_Q7ZAG8_v6	3.519E-01	2.422E-01	3.992E-01	0.138	35
afdb_Q79MP6_v6	afdb_P31013_v6	3.630E-01	2.313E-01	4.129E-01	0.150	36
afdb_Q79MP6_v6	afdb_P16932_v6	3.564E-01	2.368E-01	3.719E-01	0.138	35
afdb_Q79MP6_v6	afdb_P83788_v6	3.525E-01	2.392E-01	3.705E-01	0.138	35
afdb_Q79MP6_v6	afdb_Q7SID9_v6	3.851E-01	2.046E-01	4.155E-01	0.179	38
afdb_Q79MP6_v6	afdb_P0A9P4_v6	3.225E-01	2.656E-01	3.624E-01	0.106	32
afdb_Q79MP6_v6	afdb_P15289_v6	3.723E-01	2.159E-01	4.104E-01	0.164	37
afdb_Q79MP6_v6	afdb_P35049_v6	2.945E-01	2.931E-01	3.085E-01	0.082	29
afdb_Q79MP6_v6	afdb_P07511_v6	3.640E-01	2.211E-01	3.709E-01	0.150	36
afdb_Q79MP6_v6	afdb_P06721_v6	3.435E-01	2.370E-01	3.843E-01	0.126	34
afdb_Q79MP6_v6	afdb_P30122_v6	3.813E-01	1.965E-01	4.159E-01	0.179	38
afdb_Q79MP6_v6	afdb_P12998_v6	3.348E-01	2.429E-01	3.549E-01	0.116	33
afdb_Q79MP6_v6	afdb_P80324_v6	3.309E-01	2.473E-01	3.858E-01	0.116	33
afdb_Q79MP6_v6	afdb_P29183_v6	3.548E-01	2.226E-01	3.919E-01	0.138	35
afdb_Q79MP6_v6	afdb_P08819_v6	3.520E-01	2.233E-01	4.251E-01	0.138	35
afdb_Q79MP6_v6	afdb_P28305_v6	2.960E-01	2.784E-01	3.610E-01	0.082	29
afdb_Q79MP6_v6	afdb_P16099_v6	4.038E-01	1.683E-01	4.329E-01	0.214	40
afdb_Q79MP6_v6	afdb_P12995_v6	3.430E-01	2.293E-01	3.579E-01	0.126	34
afdb_Q79MP6_v6	afdb_P0A6G7_v6	2.699E-01	3.017E-01	3.142E-01	0.063	26
afdb_Q79MP6_v6	afdb_P42593_v6	3.867E-01	1.840E-01	4.102E-01	0.179	38
afdb_Q79MP6_v6	afdb_P45478_v6	3.059E-01	2.630E-01	3.313E-01	0.090	30
afdb_Q79MP6_v6	afdb_P00388_v6	3.911E-01	1.775E-01	4.276E-01	0.196	39
afdb_Q79MP6_v6	afdb_Q9X9P9_v6	3.286E-01	2.361E-01	3.791E-01	0.106	32
afdb_Q79MP6_v6	afdb_P37062_v6	3.410E-01	2.214E-01	3.672E-01	0.126	34
afdb_Q79MP6_v6	afdb_P21836_v6	3.744E-01	1.863E-01	4.128E-01	0.164	37
afdb_Q79MP6_v6	afdb_P81054_v6	3.142E-01	2.458E-01	3.188E-01	0.098	31
afdb_Q79MP6_v6	afdb_P00636_v6	3.077E-01	2.492E-01	3.378E-01	0.090	30
afdb_Q79MP6_v6	afdb_P24474_v6	3.561E-01	1.976E-01	3.725E-01	0.138	35
afdb_Q79MP6_v6	afdb_P08373_v6	3.092E-01	2.442E-01	3.484E-01	0.090	30
afdb_Q79MP6_v6	afdb_P00766_v6	2.756E-01	2.763E-01	3.141E-01	0.069	27
afdb_Q79MP6_v6	afdb_P03007_v6	2.709E-01	2.731E-01	3.716E-01	0.069	27
afdb_Q79MP6_v6	afdb_P07003_v6	3.503E-01	1.928E-01	3.772E-01	0.138	35
afdb_Q79MP6_v6	afdb_P56200_v6	2.847E-01	2.579E-01	3.028E-01	0.076	28
afdb_Q79MP6_v6	afdb_Q9L9D7_v6	3.520E-01	1.902E-01	3.761E-01	0.138	35
afdb_Q79MP6_v6	afdb_Q6YBS3_v6	3.652E-01	1.753E-01	3.899E-01	0.150	36
afdb_Q79MP6_v6	afdb_P23687_v6	3.674E-01	1.703E-01	3.807E-01	0.150	36
afdb_Q79MP6_v6	afdb_P43099_v6	3.691E-01	1.615E-01	3.821E-01	0.150	36
afdb_Q79MP6_v6	afdb_P27487_v6	3.761E-01	1.549E-01	4.120E-01	0.164	37
afdb_Q79MP6_v6	afdb_P06621_v6	3.134E-01	2.167E-01	3.621E-01	0.098	31
afdb_Q79MP6_v6	afdb_P0CE47_v6	3.078E-01	2.214E-01	3.367E-01	0.090	30
afdb_Q79MP6_v6	afdb_Q9YHT1_v6	3.588E-01	1.666E-01	4.409E-01	0.138	35
afdb_Q79MP6_v6	afdb_P40881_v6	2.623E-01	2.615E-01	2.844E-01	0.063	26
afdb_Q79MP6_v6	afdb_P0A6K3_v6	2.299E-01	2.940E-01	3.062E-01	0.040	22
afdb_Q79MP6_v6	afdb_P00392_v6	3.392E-01	1.840E-01	3.459E-01	0.116	33
afdb_Q79MP6_v6	afdb_P19938_v6	2.714E-01	2.489E-01	2.873E-01	0.069	27
afdb_Q79MP6_v6	afdb_P29474_v6	4.066E-01	1.121E-01	4.248E-01	0.214	40
afdb_Q79MP6_v6	afdb_Q56839_v6	3.296E-01	1.877E-01	3.441E-01	0.106	32
afdb_Q79MP6_v6	afdb_Q6UV28_v6	2.131E-01	3.014E-01	3.081E-01	0.034	21
afdb_Q79MP6_v6	afdb_P00489_v6	3.742E-01	1.400E-01	4.036E-01	0.164	37
afdb_Q79MP6_v6	afdb_Q9AGP8_v6	3.712E-01	1.388E-01	4.325E-01	0.164	37
afdb_Q79MP6_v6	afdb_P15034_v6	3.050E-01	1.995E-01	3.489E-01	0.090	30
afdb_Q79MP6_v6	afdb_Q06241_v6	2.347E-01	2.665E-01	2.800E-01	0.045	23
afdb_Q79MP6_v6	afdb_Q01693_v6	3.113E-01	1.889E-01	3.302E-01	0.098	31
afdb_Q79MP6_v6	afdb_P14779_v6	3.748E-01	1.182E-01	4.022E-01	0.164	37
afdb_Q79MP6_v6	afdb_P55931_v6	3.228E-01	1.650E-01	3.356E-01	0.106	32
afdb_Q79MP6_v6	afdb_P00644_v6	2.382E-01	2.490E-01	3.531E-01	0.045	23
afdb_Q79MP6_v6	afdb_A1AA28_v6	2.028E-01	2.827E-01	3.425E-01	0.029	20
afdb_Q79MP6_v6	afdb_P00777_v6	2.591E-01	2.260E-01	2.680E-01	0.057	25
afdb_Q79MP6_v6	afdb_O33199_v6	2.288E-01	2.560E-01	3.034E-01	0.040	22
afdb_Q79MP6_v6	afdb_P96086_v6	3.611E-01	1.228E-01	3.715E-01	0.150	36
afdb_Q79MP6_v6	afdb_P22637_v6	3.129E-01	1.702E-01	3.358E-01	0.098	31
afdb_Q79MP6_v6	afdb_Q28943_v6	3.624E-01	1.151E-01	4.041E-01	0.150	36
afdb_Q79MP6_v6	afdb_Q05755_v6	3.768E-01	8.886E-02	4.247E-01	0.164	37
afdb_Q79MP6_v6	afdb_P46076_v6	2.601E-01	2.047E-01	2.962E-01	0.063	26
afdb_Q79MP6_v6	afdb_P08473_v6	3.241E-01	1.336E-01	3.594E-01	0.106	32
afdb_Q79MP6_v6	afdb_P30850_v6	3.068E-01	1.501E-01	3.208E-01	0.090	30
afdb_Q79MP6_v6	afdb_P55038_v6	3.690E-01	8.386E-02	4.269E-01	0.150	36
afdb_Q79MP6_v6	afdb_P00750_v6	2.851E-01	1.556E-01	3.229E-01	0.076	28
afdb_Q79MP6_v6	afdb_P10844_v6	3.276E-01	9.636E-02	3.383E-01	0.106	32
afdb_Q79MP6_v6	afdb_O16025_v6	3.177E-01	9.838E-02	3.419E-01	0.098	31
